time;depth
-0.8446;5.49515
-0.8444;5.52372
-0.8442000000000001;5.55781
-0.844;5.63887
-0.8438;5.64139
-0.8436;5.77999
-0.8434;5.82703
-0.8432000000000001;5.84262
-0.843;5.79302
-0.8428;5.69202
-0.8426;5.78111
-0.8424;5.72167
-0.8422000000000001;5.73625
-0.842;5.70597
-0.8418;5.71622
-0.8416;5.65449
-0.8414;5.66506
-0.8412000000000001;5.72591
-0.841;5.80017
-0.8408;5.74826
-0.8406;5.72763
-0.8404;5.64965
-0.8402000000000001;5.6813
-0.84;5.74915
-0.8398;5.71572
-0.8396;5.84094
-0.8394;5.8022
-0.8392000000000001;5.77842
-0.839;5.8289
-0.8388;5.8711
-0.8386;6.03948
-0.8384;6.0839
-0.8382000000000001;6.04842
-0.838;6.09098
-0.8378;6.11283
-0.8376;6.099
-0.8374;6.02269
-0.8372;6.03144
-0.837;6.11224
-0.8368;6.12351
-0.8366;6.10376
-0.8364;6.1463
-0.8362;6.12436
-0.836;6.13888
-0.8358;6.23555
-0.8356;6.22239
-0.8354;6.22808
-0.8352;6.21068
-0.835;6.12208
-0.8348;6.08227
-0.8346;6.09579
-0.8344;6.12952
-0.8342;6.1371
-0.834;6.14325
-0.8338;6.18018
-0.8336;6.18732
-0.8334;6.18725
-0.8332;6.15783
-0.833;6.15323
-0.8328;6.07239
-0.8326;6.02324
-0.8324;5.96737
-0.8322;5.97506
-0.8320000000000001;6.02292
-0.8318;5.98796
-0.8316;5.98694
-0.8314;5.93831
-0.8312;5.9284
-0.831;5.88835
-0.8308;5.92107
-0.8306;5.98138
-0.8304;5.90519
-0.8302;5.84096
-0.8300000000000001;5.89061
-0.8298;5.96398
-0.8296;5.99417
-0.8294;5.98179
-0.8292;5.97547
-0.8290000000000001;5.94304
-0.8288;5.92865
-0.8286;5.95073
-0.8284;5.93838
-0.8282;5.93366
-0.8280000000000001;5.87878
-0.8278;5.88177
-0.8276;6.01447
-0.8274;6.03009
-0.8272;6.05059
-0.8270000000000001;6.06974
-0.8268;6.10084
-0.8266;6.13065
-0.8264;6.11489
-0.8262;6.0997
-0.8260000000000001;6.07222
-0.8258;6.03552
-0.8256;6.03419
-0.8254;6.02763
-0.8252;6.09665
-0.8250000000000001;6.11126
-0.8248;6.15091
-0.8246;6.16189
-0.8244;6.1678
-0.8242;6.18222
-0.8240000000000001;6.23101
-0.8238;6.23041
-0.8236;6.22331
-0.8234;6.2197
-0.8232;6.16772
-0.8230000000000001;6.12794
-0.8228;6.13771
-0.8226;6.09133
-0.8224;6.0773
-0.8222;6.09671
-0.8220000000000001;6.13773
-0.8218;6.10826
-0.8216;6.10701
-0.8214;6.09033
-0.8212;6.11365
-0.8210000000000001;6.05674
-0.8208;6.03677
-0.8206;6.04136
-0.8204;6.0214
-0.8202;6.0271
-0.8200000000000001;5.96615
-0.8198;5.95742
-0.8196;5.93862
-0.8194;5.96053
-0.8192;5.90872
-0.8190000000000001;5.86188
-0.8188;5.96265
-0.8186;5.91721
-0.8184;5.84678
-0.8182;5.90169
-0.8180000000000001;5.83894
-0.8178;5.9227
-0.8176;6.00054
-0.8174;5.99599
-0.8172;6.00887
-0.8170000000000001;6.03363
-0.8168;6.05068
-0.8166;6.06788
-0.8164;5.98882
-0.8162;6.01207
-0.8160000000000001;6.01117
-0.8158;5.99373
-0.8156;5.99394
-0.8154;5.95481
-0.8152;5.94066
-0.8150000000000001;6.00973
-0.8148;5.97148
-0.8146;6.16134
-0.8144;6.20343
-0.8142;6.27115
-0.8140000000000001;6.27188
-0.8138;6.3033
-0.8136;6.27238
-0.8134;6.31007
-0.8132;6.35742
-0.8130000000000001;6.31819
-0.8128;6.30532
-0.8126;6.27469
-0.8124;6.25486
-0.8122;6.22369
-0.812;6.22629
-0.8118;6.21043
-0.8116;6.16724
-0.8114;6.12181
-0.8112;6.16784
-0.811;6.19398
-0.8108;6.14171
-0.8106;6.12309
-0.8104;6.12881
-0.8102;6.17307
-0.81;6.24503
-0.8098;6.25603
-0.8096;6.26045
-0.8094;6.22039
-0.8092;6.18746
-0.809;6.19107
-0.8088;6.18011
-0.8086;6.15218
-0.8084;6.14521
-0.8082;6.16336
-0.808;6.1788
-0.8078000000000001;6.16877
-0.8076;6.16049
-0.8074;6.15987
-0.8072;6.17138
-0.807;6.16161
-0.8068;6.14842
-0.8066;6.1823
-0.8064;6.1632
-0.8062;6.13156
-0.806;6.16975
-0.8058000000000001;6.19732
-0.8056;6.23671
-0.8054;6.28959
-0.8052;6.31852
-0.805;6.41561
-0.8048;6.60043
-0.8046;6.76749
-0.8044;6.7553
-0.8042;6.75994
-0.804;6.66718
-0.8038000000000001;6.54579
-0.8036;6.41636
-0.8034;6.30345
-0.8032;6.24286
-0.803;6.23461
-0.8028;6.31538
-0.8026;6.31963
-0.8024;6.30686
-0.8022;6.24213
-0.802;6.23452
-0.8018000000000001;6.1422
-0.8016;6.05885
-0.8014;6.07306
-0.8012;5.96293
-0.801;5.75894
-0.8008000000000001;5.89413
-0.8006;5.87512
-0.8004;5.85599
-0.8002;5.87207
-0.8;5.72438
-0.7998000000000001;5.75041
-0.7996;5.71329
-0.7994;5.67321
-0.7992;5.55807
-0.799;5.55068
-0.7988000000000001;5.52677
-0.7986;5.52111
-0.7984;5.51073
-0.7982;5.51582
-0.798;5.50993
-0.7978000000000001;5.38099
-0.7976;5.50789
-0.7974;5.5268
-0.7972;5.52088
-0.797;5.49462
-0.7968000000000001;6.39009
-0.7966;6.50235
-0.7964;5.50998
-0.7962;5.50471
-0.796;5.50466
-0.7958000000000001;5.48878
-0.7956;5.44483
-0.7954;5.44867
-0.7952;5.45872
-0.795;5.45537
-0.7948000000000001;5.46099
-0.7946;5.44473
-0.7944;5.48917
-0.7942;5.44381
-0.794;5.46687
-0.7938000000000001;5.4605
-0.7936;6.37098
-0.7934;6.3614
-0.7932;6.35257
-0.793;6.37012
-0.7928000000000001;6.37419
-0.7926;6.35469
-0.7924;6.36055
-0.7922;6.34713
-0.792;6.35543
-0.7918000000000001;6.36353
-0.7916;6.36091
-0.7914;6.32829
-0.7912;6.34119
-0.791;6.3219
-0.7908000000000001;6.35003
-0.7906;6.37207
-0.7904;6.37106
-0.7902;6.36583
-0.79;6.34264
-0.7898000000000001;6.33687
-0.7896;6.30155
-0.7894;6.30429
-0.7892;6.28448
-0.789;6.29051
-0.7888000000000001;6.30468
-0.7886;6.29341
-0.7884;6.26264
-0.7882;6.27277
-0.788;6.27598
-0.7878000000000001;6.27883
-0.7876;6.2729
-0.7874;6.31007
-0.7872;6.31202
-0.787;6.2995
-0.7868;6.24875
-0.7866;6.2469
-0.7864;6.1692
-0.7862;6.08658
-0.786;6.09526
-0.7858;6.22472
-0.7856;6.05537
-0.7854;6.13426
-0.7852;6.18928
-0.785;6.17082
-0.7848;6.17313
-0.7846;6.14571
-0.7844;5.07886
-0.7842;5.02699
-0.784;4.90467
-0.7838;4.94366
-0.7836;4.91832
-0.7834;6.21328
-0.7832;5.00966
-0.783;4.82358
-0.7828;4.86321
-0.7826;6.16407
-0.7824;4.82589
-0.7822;4.9818
-0.782;5.06033
-0.7818;4.79353
-0.7816000000000001;4.82069
-0.7814;4.9731
-0.7812;4.92545
-0.781;4.80544
-0.7808;4.82097
-0.7806;4.73378
-0.7804;4.81057
-0.7802;6.10032
-0.78;6.16304
-0.7798;6.11401
-0.7796000000000001;6.16371
-0.7794;6.14769
-0.7792;5.9801
-0.779;5.78911
-0.7788;6.04529
-0.7786;5.62625
-0.7784;5.95133
-0.7782;6.14518
-0.778;6.12887
-0.7778;6.14105
-0.7776000000000001;6.10722
-0.7774;6.1115
-0.7772;6.12219
-0.777;6.09211
-0.7768;6.09116
-0.7766;6.07412
-0.7764;6.01182
-0.7762;5.96703
-0.776;5.88545
-0.7758;5.436
-0.7756000000000001;5.89088
-0.7754;5.90566
-0.7752;5.91237
-0.775;5.76413
-0.7748;5.84885
-0.7746;5.71263
-0.7744;5.82727
-0.7742;5.79727
-0.774;5.86288
-0.7738;5.72191
-0.7736000000000001;5.68882
-0.7734;5.45437
-0.7732;5.49461
-0.773;5.47527
-0.7728;5.84935
-0.7726;5.49141
-0.7724;5.48659
-0.7722;5.70662
-0.772;5.70285
-0.7718;5.79816
-0.7716000000000001;5.47854
-0.7714;4.7121
-0.7712;5.74029
-0.771;4.75077
-0.7708;4.82913
-0.7706;4.81225
-0.7704;4.80828
-0.7702;4.69984
-0.77;4.63685
-0.7698;4.67886
-0.7696000000000001;5.82745
-0.7694;5.81457
-0.7692;5.77938
-0.769;5.75215
-0.7688;5.71984
-0.7686000000000001;5.68114
-0.7684;5.48691
-0.7682;5.4537
-0.768;5.51837
-0.7678;5.81018
-0.7676000000000001;5.71545
-0.7674;5.6703
-0.7672;5.62345
-0.767;5.58212
-0.7668;5.60371
-0.7666000000000001;5.61755
-0.7664;5.63533
-0.7662;5.54087
-0.766;5.25782
-0.7658;5.13729
-0.7656000000000001;5.09841
-0.7654;5.75171
-0.7652;6.04284
-0.765;5.8532
-0.7648;6.04619
-0.7646000000000001;6.0606
-0.7644;6.08015
-0.7642;6.04819
-0.764;6.03127
-0.7638;6.06573
-0.7636000000000001;6.08113
-0.7634;5.93788
-0.7632;6.11496
-0.763;6.0762
-0.7628;6.07902
-0.7626000000000001;6.0768
-0.7624;6.00831
-0.7622;5.97099
-0.762;5.93883
-0.7618;5.87667
-0.7616;5.8237
-0.7614;5.84182
-0.7612;5.8203
-0.761;5.83491
-0.7608;5.79868
-0.7606;5.60076
-0.7604;5.44351
-0.7602;5.50801
-0.76;5.62271
-0.7598;5.61084
-0.7596;5.63964
-0.7594000000000001;5.60963
-0.7592;5.70754
-0.759;5.82676
-0.7588;5.85503
-0.7586;5.83933
-0.7584;5.71066
-0.7582;5.79655
-0.758;5.77374
-0.7578;6.1348
-0.7576;6.09882
-0.7574000000000001;5.92241
-0.7572;5.86548
-0.757;5.87434
-0.7568;5.86687
-0.7566;5.77697
-0.7564;5.79869
-0.7562;5.70285
-0.756;5.75068
-0.7558;5.84717
-0.7556;5.07617
-0.7554000000000001;5.91628
-0.7552;5.89415
-0.755;4.71822
-0.7548;4.81673
-0.7546;4.88513
-0.7544;4.91327
-0.7542;5.02809
-0.754;4.53083
-0.7538;4.96454
-0.7536;4.69193
-0.7534000000000001;4.50994
-0.7532;4.68696
-0.753;4.58715
-0.7528;4.67485
-0.7526;4.69477
-0.7524;4.36255
-0.7522;4.88395
-0.752;4.71805
-0.7518;4.71807
-0.7516;4.54199
-0.7514000000000001;4.40128
-0.7512;4.21111
-0.751;4.45972
-0.7508;4.86597
-0.7506;5.21581
-0.7504;4.95077
-0.7502;5.19166
-0.75;5.38375
-0.7498;5.20397
-0.7496;5.39288
-0.7494000000000001;5.1443
-0.7492;4.8076
-0.749;5.07951
-0.7488;4.73543
-0.7486;4.9101
-0.7484;4.52469
-0.7482;4.97039
-0.748;5.71258
-0.7478;4.65694
-0.7476;4.535
-0.7474000000000001;4.5275
-0.7472;4.55692
-0.747;4.43711
-0.7468;4.31283
-0.7466;4.3899
-0.7464;3.9231
-0.7462;3.62361
-0.746;3.72009
-0.7458;3.48471
-0.7456;3.05535
-0.7454000000000001;2.92327
-0.7452;3.03539
-0.745;3.36428
-0.7448;2.99212
-0.7446;3.08627
-0.7444;3.44745
-0.7442;2.89253
-0.744;3.02713
-0.7438;3.02333
-0.7436;3.02224
-0.7434000000000001;3.48137
-0.7432;3.56014
-0.743;3.54617
-0.7428;3.88568
-0.7426;3.70734
-0.7424000000000001;3.69052
-0.7422;3.79298
-0.742;3.90178
-0.7418;3.8858
-0.7416;4.08218
-0.7414000000000001;3.92234
-0.7412;3.77451
-0.741;4.53953
-0.7408;4.6683
-0.7406;4.42542
-0.7404000000000001;4.31166
-0.7402;4.49219
-0.74;4.8738
-0.7398;4.88628
-0.7396;4.90596
-0.7394000000000001;4.89286
-0.7392;4.75066
-0.739;4.85012
-0.7388;4.65245
-0.7386;4.86428
-0.7384000000000001;3.72468
-0.7382;3.65769
-0.738;3.85573
-0.7378;3.81227
-0.7376;3.7211
-0.7374;3.78926
-0.7372;3.75744
-0.737;4.10165
-0.7368;3.95429
-0.7366;4.13607
-0.7364;4.35137
-0.7362;4.54044
-0.736;4.62107
-0.7358;5.53002
-0.7356;5.70528
-0.7354;5.65141
-0.7352;5.66128
-0.735;5.66279
-0.7348;5.4653
-0.7346;5.56825
-0.7344;5.17628
-0.7342;4.02566
-0.734;4.27434
-0.7338;4.52084
-0.7336;4.35889
-0.7334;4.37624
-0.7332000000000001;4.39632
-0.733;4.99406
-0.7328;4.24576
-0.7326;4.49029
-0.7324;4.37716
-0.7322;4.32819
-0.732;4.31543
-0.7318;4.22957
-0.7316;4.24059
-0.7314;4.3803
-0.7312000000000001;4.2753
-0.731;4.19664
-0.7308;4.19188
-0.7306;4.28898
-0.7304;4.11332
-0.7302;3.96104
-0.73;3.90695
-0.7298;4.37033
-0.7296;4.5183
-0.7294;4.39068
-0.7292000000000001;4.24228
-0.729;4.2329
-0.7288;4.2288
-0.7286;4.07496
-0.7284;4.04589
-0.7282;4.65051
-0.728;4.73838
-0.7278;5.86159
-0.7276;6.14781
-0.7274;6.02026
-0.7272000000000001;6.00258
-0.727;5.92005
-0.7268;5.97235
-0.7266;5.92387
-0.7264;5.9435
-0.7262;5.95625
-0.726;6.01541
-0.7258;6.00303
-0.7256;5.90612
-0.7254;5.75752
-0.7252000000000001;5.7523
-0.725;5.47218
-0.7248;5.19128
-0.7246;5.14283
-0.7244;5.33984
-0.7242;5.2627
-0.724;5.60464
-0.7238;5.83969
-0.7236;5.87517
-0.7234;5.85111
-0.7232000000000001;5.66244
-0.723;5.49589
-0.7228;5.41269
-0.7226;5.62527
-0.7224;5.64339
-0.7222;5.59357
-0.722;5.52618
-0.7218;5.57212
-0.7216;5.58396
-0.7214;5.65024
-0.7212000000000001;5.80187
-0.721;6.05912
-0.7208;6.20193
-0.7206;6.21281
-0.7204;6.22313
-0.7202;6.27857
-0.72;6.24146
-0.7198;6.03519
-0.7196;5.98571
-0.7194;5.66604
-0.7192000000000001;5.17638
-0.719;5.15986
-0.7188;5.79802
-0.7186;5.99376
-0.7184;5.6894
-0.7182;5.01428
-0.718;4.59738
-0.7178;4.29487
-0.7176;4.75382
-0.7174;4.86011
-0.7172000000000001;4.34014
-0.717;4.40241
-0.7168;4.61969
-0.7166;4.41725
-0.7164;4.42751
-0.7162;4.32247
-0.716;4.69941
-0.7158;4.6052
-0.7156;4.55122
-0.7154;4.46907
-0.7152000000000001;4.48613
-0.7150000000000001;4.81939
-0.7148;5.19052
-0.7146;4.65682
-0.7144;4.65581
-0.7142;4.59616
-0.714;4.49794
-0.7138;4.9427
-0.7136;4.74808
-0.7134;5.38905
-0.7132000000000001;5.88228
-0.7130000000000001;5.95558
-0.7128;5.75579
-0.7126;4.75711
-0.7124;4.3372
-0.7121999999999999;4.55455
-0.712;5.31307
-0.7118;5.30052
-0.7116;5.26659
-0.7114;5.10072
-0.7112;4.90422
-0.7110000000000001;4.59125
-0.7108;4.52806
-0.7106;4.57561
-0.7104;4.32208
-0.7101999999999999;4.16785
-0.71;3.93838
-0.7098;4.00472
-0.7096;4.06226
-0.7094;4.19792
-0.7092;4.59236
-0.7090000000000001;4.71796
-0.7088;4.68759
-0.7086;4.70758
-0.7084;4.66878
-0.7082;4.53921
-0.708;4.61558
-0.7078;4.64591
-0.7076;4.6019
-0.7074;4.63802
-0.7072;4.49087
-0.7070000000000001;4.52583
-0.7068;4.54197
-0.7066;4.59331
-0.7064;4.6196
-0.7062;4.75679
-0.706;5.13394
-0.7058;5.0796
-0.7056;5.34447
-0.7054;5.59303
-0.7052;5.80563
-0.7050000000000001;6.05551
-0.7048;6.08491
-0.7046;6.15144
-0.7044;6.20442
-0.7042;6.0574
-0.704;5.90958
-0.7038;6.05484
-0.7036;6.05447
-0.7034;5.99286
-0.7032;6.07355
-0.7030000000000001;6.10482
-0.7028;5.5628
-0.7026;5.56583
-0.7024;5.64818
-0.7022;5.62883
-0.702;5.47442
-0.7018;5.31967
-0.7016;5.26721
-0.7014;5.18429
-0.7012;5.19123
-0.7010000000000001;5.47876
-0.7008;5.47649
-0.7006;5.48429
-0.7004;5.48937
-0.7002;5.37411
-0.7;5.1713
-0.6998;5.75773
-0.6996;6.7603
-0.6994;6.75745
-0.6992;6.75794
-0.6990000000000001;6.76336
-0.6988;6.40674
-0.6986;6.3132
-0.6984;6.1975
-0.6982;6.24227
-0.698;6.7637
-0.6978;6.75539
-0.6976;6.03449
-0.6974;5.98703
-0.6972;5.75324
-0.6970000000000001;5.58232
-0.6968;5.4255
-0.6966;5.23411
-0.6964;5.01403
-0.6962;4.60631
-0.696;4.62544
-0.6958;4.60884
-0.6956;4.62721
-0.6954;4.5887
-0.6952;4.7373
-0.6950000000000001;5.29383
-0.6948;4.24563
-0.6946;4.23262
-0.6944;4.57828
-0.6942;4.96136
-0.694;4.9492
-0.6938;4.96183
-0.6936;5.07909
-0.6934;5.39506
-0.6932;5.04761
-0.6930000000000001;4.85372
-0.6928;4.89513
-0.6926;4.84712
-0.6924;4.94681
-0.6922;4.70023
-0.692;4.86104
-0.6918;4.90492
-0.6916;4.97987
-0.6914;4.78521
-0.6912;4.58988
-0.6910000000000001;4.48981
-0.6908;4.76986
-0.6906;4.59873
-0.6904;4.52602
-0.6902;4.15316
-0.69;4.07095
-0.6898;3.69592
-0.6896;4.05434
-0.6894;3.92264
-0.6892;4.31013
-0.6890000000000001;4.39676
-0.6888000000000001;4.949
-0.6886;5.12912
-0.6884;5.1615
-0.6882;4.84775
-0.688;4.96561
-0.6878;4.86376
-0.6876;4.85794
-0.6874;4.866
-0.6872;4.86812
-0.687;4.76558
-0.6868000000000001;4.87878
-0.6866;4.73718
-0.6864;4.55938
-0.6862;4.56075
-0.6859999999999999;4.62013
-0.6858;4.50068
-0.6856;4.41164
-0.6854;4.21938
-0.6852;4.03775
-0.685;4.14982
-0.6848000000000001;3.74289
-0.6846;3.85707
-0.6844;3.72699
-0.6842;3.89001
-0.6839999999999999;3.86891
-0.6838;3.8084
-0.6836;4.06338
-0.6834;4.16424
-0.6832;4.23372
-0.683;4.34477
-0.6828000000000001;4.77563
-0.6826;4.30156
-0.6824;4.38305
-0.6822;5.42299
-0.682;5.29847
-0.6818;5.44549
-0.6816;5.23297
-0.6814;5.21693
-0.6812;5.39666
-0.681;5.44105
-0.6808000000000001;5.48685
-0.6806;5.37551
-0.6804;3.2559
-0.6802;3.02306
-0.68;2.98768
-0.6798;3.0272
-0.6796;3.15196
-0.6794;3.8383
-0.6792;3.85724
-0.679;3.69333
-0.6788000000000001;3.76863
-0.6786;3.66171
-0.6784;3.62098
-0.6782;3.59295
-0.678;3.64242
-0.6778;3.75873
-0.6776;3.93833
-0.6774;4.10011
-0.6772;4.13381
-0.677;4.08663
-0.6768000000000001;3.67636
-0.6766;3.44837
-0.6764;3.4622
-0.6762;3.44491
-0.676;3.23348
-0.6758;3.41743
-0.6756;3.71039
-0.6754;3.85557
-0.6752;3.67857
-0.675;3.66485
-0.6748000000000001;3.78766
-0.6746;3.59607
-0.6744;3.48588
-0.6742;3.68012
-0.674;3.70926
-0.6738;3.57884
-0.6736;3.58059
-0.6734;3.75731
-0.6732;3.74212
-0.673;3.78741
-0.6728000000000001;3.66141
-0.6726;3.47691
-0.6724;3.37834
-0.6722;3.13449
-0.672;3.75959
-0.6718;3.40723
-0.6716;3.31329
-0.6714;3.39299
-0.6712;3.44901
-0.671;3.49668
-0.6708000000000001;3.35033
-0.6706;2.95684
-0.6704;3.27228
-0.6702;3.36007
-0.67;3.49907
-0.6698;3.74726
-0.6696;3.79357
-0.6694;3.77558
-0.6692;3.70659
-0.669;3.5751
-0.6688000000000001;3.25323
-0.6686;3.41402
-0.6684;3.38255
-0.6682;3.90256
-0.668;4.08534
-0.6678;3.85376
-0.6676;3.78745
-0.6674;3.64399
-0.6672;3.64182
-0.667;3.67593
-0.6668000000000001;3.68982
-0.6666;3.08661
-0.6664;2.58275
-0.6662;2.50231
-0.666;2.56376
-0.6658;2.54649
-0.6656;2.6129
-0.6654;2.48335
-0.6652;2.64255
-0.665;2.57792
-0.6648000000000001;2.5154
-0.6646;2.49775
-0.6644;2.59479
-0.6642;2.71159
-0.664;2.62928
-0.6638;2.82469
-0.6636;3.38692
-0.6634;3.62285
-0.6632;3.61204
-0.663;3.75877
-0.6628000000000001;3.70691
-0.6626000000000001;3.66068
-0.6624;3.42978
-0.6622;3.28326
-0.662;2.76144
-0.6617999999999999;3.49205
-0.6616;3.72127
-0.6614;3.69061
-0.6612;2.84281
-0.661;2.20533
-0.6608;2.28811
-0.6606000000000001;2.28833
-0.6604;2.45091
-0.6602;2.53213
-0.66;2.66358
-0.6597999999999999;3.06898
-0.6596;2.79292
-0.6594;2.82762
-0.6592;2.8908
-0.659;3.16853
-0.6588;3.10408
-0.6586000000000001;3.58759
-0.6584;3.24869
-0.6582;3.05505
-0.658;3.2353
-0.6577999999999999;3.00317
-0.6576;3.38631
-0.6574;3.90485
-0.6572;3.89096
-0.657;3.66521
-0.6568;3.71455
-0.6566000000000001;3.73846
-0.6564;3.61365
-0.6562;3.54836
-0.656;3.67843
-0.6558;3.68578
-0.6556;3.82114
-0.6554;3.36899
-0.6552;3.16839
-0.655;3.41819
-0.6548;3.10068
-0.6546000000000001;3.08494
-0.6544;3.42696
-0.6542;3.01525
-0.654;2.809
-0.6538;3.28082
-0.6536;3.34968
-0.6534;3.15242
-0.6532;3.15877
-0.653;2.94336
-0.6528;2.64636
-0.6526000000000001;2.77747
-0.6524;3.4946
-0.6522;3.70891
-0.652;3.79507
-0.6518;3.59318
-0.6516;3.59417
-0.6514;3.67137
-0.6512;3.69209
-0.651;3.65898
-0.6508;3.25255
-0.6506000000000001;3.49754
-0.6504;4.00209
-0.6502;4.07178
-0.65;4.12005
-0.6498;4.39278
-0.6496;4.15492
-0.6494;4.25914
-0.6492;4.11781
-0.649;3.98769
-0.6488;4.23355
-0.6486000000000001;4.39328
-0.6484;5.02604
-0.6482;5.27495
-0.648;6.76206
-0.6478;6.74755
-0.6476;6.71918
-0.6474;6.75252
-0.6472;6.76951
-0.647;6.74804
-0.6468;6.24401
-0.6466000000000001;5.64702
-0.6464;5.46189
-0.6462;4.89762
-0.646;4.9099
-0.6458;4.85501
-0.6456;4.73845
-0.6454;4.67746
-0.6452;4.69081
-0.645;4.68391
-0.6448;4.98209
-0.6446000000000001;6.76338
-0.6444;6.77706
-0.6442;6.76934
-0.644;6.76744
-0.6438;6.77096
-0.6436;6.7772
-0.6434;6.77835
-0.6432;4.93498
-0.643;6.7717
-0.6428;6.77476
-0.6426000000000001;6.77582
-0.6424;4.90253
-0.6422;4.84989
-0.642;4.83594
-0.6418;4.94679
-0.6416;6.76304
-0.6414;6.77416
-0.6412;6.77883
-0.641;6.77809
-0.6408;5.16936
-0.6406000000000001;5.76928
-0.6404;6.00783
-0.6402;5.29169
-0.64;6.77558
-0.6398;4.96418
-0.6396;4.92997
-0.6394;5.05093
-0.6392;4.96396
-0.639;4.94836
-0.6388;4.93043
-0.6386000000000001;4.88315
-0.6384;4.88496
-0.6382;4.90323
-0.638;4.85051
-0.6378;4.8316
-0.6376;4.83376
-0.6374;6.76189
-0.6372;6.77504
-0.637;6.77907
-0.6368;6.76659
-0.6366;6.76417
-0.6364000000000001;6.76067
-0.6362;6.76678
-0.636;6.77015
-0.6358;6.77443
-0.6355999999999999;6.78391
-0.6354;6.78618
-0.6352;6.7839
-0.635;6.77715
-0.6348;6.35212
-0.6346;6.02185
-0.6344000000000001;6.7758
-0.6342;6.78317
-0.634;4.34497
-0.6338;4.43097
-0.6335999999999999;6.78882
-0.6334;6.78747
-0.6332;6.78452
-0.633;6.76723
-0.6328;6.77223
-0.6326;6.76796
-0.6324000000000001;6.7708
-0.6322;6.76282
-0.632;6.76619
-0.6318;6.76444
-0.6315999999999999;6.7687
-0.6314;6.76415
-0.6312;6.77353
-0.631;6.76996
-0.6308;6.76787
-0.6306;6.77864
-0.6304000000000001;5.21549
-0.6302;5.37078
-0.63;5.23748
-0.6298;5.00975
-0.6296;5.16
-0.6294;6.7595
-0.6292;6.77449
-0.629;6.76439
-0.6288;5.0011
-0.6286;6.77811
-0.6284000000000001;6.77421
-0.6282;6.77157
-0.628;6.7697
-0.6278;6.77642
-0.6276;6.77199
-0.6274;6.77388
-0.6272;6.76186
-0.627;6.76679
-0.6268;6.76767
-0.6266;6.77098
-0.6264000000000001;6.76974
-0.6262;6.38007
-0.626;6.3568
-0.6258;5.3539
-0.6256;5.36483
-0.6254;5.46409
-0.6252;5.50241
-0.625;5.51645
-0.6248;5.60769
-0.6246;5.5198
-0.6244000000000001;6.23318
-0.6242;6.77649
-0.624;6.7766
-0.6238;6.77977
-0.6236;6.7623
-0.6234;6.77306
-0.6232;6.76172
-0.623;6.76827
-0.6228;5.50347
-0.6226;5.44336
-0.6224000000000001;5.40813
-0.6222;5.20355
-0.622;5.40183
-0.6218;5.09809
-0.6216;5.31999
-0.6214;6.74981
-0.6212;4.89999
-0.621;6.77804
-0.6208;5.12161
-0.6206;5.1135
-0.6204000000000001;5.01504
-0.6202;6.54878
-0.62;6.39215
-0.6198;6.35213
-0.6196;6.35696
-0.6194;6.32603
-0.6192;6.33868
-0.619;6.36861
-0.6188;6.34009
-0.6186;6.28642
-0.6184000000000001;6.23928
-0.6182;6.2232
-0.618;6.22747
-0.6178;6.23128
-0.6176;6.24015
-0.6174;6.24344
-0.6172;6.22631
-0.617;6.21574
-0.6168;5.33666
-0.6166;5.39594
-0.6164000000000001;5.34213
-0.6162;5.3082
-0.616;6.11663
-0.6158;5.71762
-0.6156;6.06771
-0.6154;5.3484
-0.6152;5.56303
-0.615;5.48429
-0.6148;6.08311
-0.6146;6.07264
-0.6144000000000001;6.76838
-0.6142;6.77784
-0.614;6.77945
-0.6138;6.78667
-0.6136;6.77215
-0.6134;6.77539
-0.6132;6.76861
-0.613;6.76686
-0.6128;6.76833
-0.6126;6.77069
-0.6124;6.77482
-0.6122;6.76904
-0.612;6.76589
-0.6118;6.76019
-0.6116;6.78291
-0.6113999999999999;6.78029
-0.6112;6.77362
-0.611;6.77896
-0.6108;6.77518
-0.6106;6.77657
-0.6104;6.77465
-0.6102;6.76567
-0.61;6.76639
-0.6098;6.78497
-0.6096;6.77472
-0.6093999999999999;6.78214
-0.6092;5.12442
-0.609;5.8317
-0.6088;5.16068
-0.6086;6.76939
-0.6084;5.47315
-0.6082000000000001;5.59893
-0.608;5.43185
-0.6078;5.56472
-0.6076;6.78065
-0.6073999999999999;6.78094
-0.6072;6.7756
-0.607;6.78145
-0.6068;6.77343
-0.6066;6.77928
-0.6064;6.78219
-0.6062000000000001;6.77701
-0.606;6.49853
-0.6058;6.54487
-0.6056;6.50009
-0.6053999999999999;6.51065
-0.6052;6.43808
-0.605;5.78422
-0.6048;5.57887
-0.6046;5.98473
-0.6044;5.52171
-0.6042000000000001;5.57098
-0.604;5.51877
-0.6038;6.50963
-0.6036;6.40204
-0.6034;6.37541
-0.6032;6.34725
-0.603;6.35174
-0.6028;6.37246
-0.6026;6.41136
-0.6024;6.45807
-0.6022000000000001;5.75175
-0.602;5.85558
-0.6018;5.81348
-0.6016;5.85136
-0.6014;5.58352
-0.6012;6.40538
-0.601;5.55438
-0.6008;5.9048
-0.6006;6.03974
-0.6004;6.08043
-0.6002000000000001;6.17317
-0.6;5.76139
-0.5998;5.63306
-0.5996;5.5805
-0.5994;5.58273
-0.5992;5.76756
-0.599;5.7828
-0.5988;5.59019
-0.5986;5.501
-0.5984;5.46689
-0.5982000000000001;5.5046
-0.598;5.575
-0.5978;5.45591
-0.5976;5.51774
-0.5974;5.53495
-0.5972;5.40734
-0.597;5.34746
-0.5968;5.39904
-0.5966;5.52006
-0.5964;5.45226
-0.5962000000000001;5.43785
-0.596;5.58946
-0.5958;5.52296
-0.5956;5.49895
-0.5954;5.47883
-0.5952;5.37501
-0.595;5.32225
-0.5948;5.18131
-0.5946;5.25225
-0.5944;5.22688
-0.5942000000000001;6.7775
-0.5940000000000001;5.23147
-0.5938;5.19063
-0.5936;5.10201
-0.5933999999999999;5.27053
-0.5932;5.17784
-0.593;5.10956
-0.5928;5.10765
-0.5926;5.15571
-0.5924;5.18222
-0.5922000000000001;5.09032
-0.5920000000000001;5.12866
-0.5918;6.49435
-0.5916;5.01013
-0.5913999999999999;5.15077
-0.5912;5.24232
-0.591;6.3082
-0.5908;6.31691
-0.5906;6.27119
-0.5904;6.25436
-0.5902000000000001;6.16099
-0.5900000000000001;6.09818
-0.5898;6.07566
-0.5896;6.15248
-0.5893999999999999;6.13009
-0.5892;6.20288
-0.589;6.17061
-0.5888;6.24339
-0.5886;5.96638
-0.5884;6.77584
-0.5882000000000001;6.77902
-0.5880000000000001;6.78188
-0.5878;6.77237
-0.5876;6.76961
-0.5873999999999999;6.77752
-0.5871999999999999;6.77817
-0.587;6.76832
-0.5868;6.77733
-0.5866;6.78395
-0.5864;6.77185
-0.5862;6.77698
-0.5860000000000001;6.77632
-0.5858;6.77509
-0.5856;6.76549
-0.5854;6.75198
-0.5851999999999999;6.77521
-0.585;6.78481
-0.5848;6.57687
-0.5846;6.17606
-0.5844;6.03425
-0.5842;5.99911
-0.5840000000000001;6.05707
-0.5838;6.05424
-0.5836;6.06052
-0.5834;5.98091
-0.5831999999999999;6.06932
-0.583;6.08652
-0.5828;6.10184
-0.5826;6.09125
-0.5824;6.05083
-0.5822;6.0171
-0.5820000000000001;6.03323
-0.5818;6.05046
-0.5816;6.06279
-0.5814;6.05047
-0.5811999999999999;6.0825
-0.581;6.01484
-0.5808;5.98815
-0.5806;6.04693
-0.5804;6.1433
-0.5802;6.01957
-0.5800000000000001;6.03293
-0.5798;6.00284
-0.5796;5.95175
-0.5794;5.94965
-0.5791999999999999;5.93264
-0.579;5.97003
-0.5788;6.00314
-0.5786;6.77347
-0.5784;6.7658
-0.5782;6.77178
-0.5780000000000001;6.7791
-0.5778;6.77588
-0.5776;6.76781
-0.5774;6.74936
-0.5771999999999999;6.53657
-0.577;6.46308
-0.5768;6.34086
-0.5766;6.38335
-0.5764;6.41221
-0.5762;6.45187
-0.5760000000000001;5.85654
-0.5758;6.01161
-0.5756;5.75422
-0.5754;5.97914
-0.5751999999999999;6.17147
-0.575;5.11362
-0.5748;5.10314
-0.5746;5.12747
-0.5744;5.26035
-0.5742;5.3132
-0.5740000000000001;5.4344
-0.5738;6.13519
-0.5736;6.57794
-0.5734;6.56113
-0.5731999999999999;6.57914
-0.573;6.67477
-0.5728;6.77191
-0.5726;6.76375
-0.5724;6.77367
-0.5722;6.56103
-0.5720000000000001;5.53459
-0.5718000000000001;6.47442
-0.5716;6.35682
-0.5714;6.36118
-0.5711999999999999;6.34817
-0.571;6.34029
-0.5708;6.35504
-0.5706;6.37062
-0.5704;6.61037
-0.5702;4.96399
-0.5700000000000001;4.99781
-0.5698000000000001;5.0567
-0.5696;5.11092
-0.5694;4.96953
-0.5691999999999999;5.16028
-0.569;4.91248
-0.5688;4.7975
-0.5686;6.52979
-0.5684;6.52033
-0.5682;6.45054
-0.5680000000000001;6.44359
-0.5678000000000001;6.46716
-0.5676;6.48894
-0.5674;6.46709
-0.5671999999999999;6.46219
-0.567;6.46642
-0.5668;6.5003
-0.5666;6.46499
-0.5664;6.47111
-0.5662;6.54454
-0.5660000000000001;6.49784
-0.5658000000000001;6.46866
-0.5656;6.50491
-0.5654;6.50451
-0.5651999999999999;6.50059
-0.565;6.43877
-0.5648;6.53813
-0.5646;6.47023
-0.5644;6.49482
-0.5642;6.49525
-0.5640000000000001;6.51111
-0.5638000000000001;6.54054
-0.5636;6.46668
-0.5634;6.1598
-0.5631999999999999;6.39095
-0.563;6.30845
-0.5628;6.34252
-0.5626;6.64545
-0.5624;6.46812
-0.5622;6.29207
-0.562;6.38039
-0.5618000000000001;6.35848
-0.5616;6.32596
-0.5614;6.37572
-0.5611999999999999;6.22701
-0.5609999999999999;6.40972
-0.5608;6.34094
-0.5606;6.35951
-0.5604;6.28055
-0.5602;6.27165
-0.56;6.24359
-0.5598000000000001;6.28446
-0.5596;6.16376
-0.5594;6.15591
-0.5592;6.00696
-0.5589999999999999;5.92413
-0.5588;5.88422
-0.5586;5.99582
-0.5584;6.09168
-0.5582;6.10737
-0.558;6.14107
-0.5578000000000001;6.16039
-0.5576;6.1742
-0.5574;6.15081
-0.5572;6.18077
-0.5569999999999999;6.05977
-0.5568;6.08637
-0.5566;6.10575
-0.5564;6.13815
-0.5562;6.14309
-0.556;6.12648
-0.5558000000000001;6.12935
-0.5556;6.1593
-0.5554;6.24167
-0.5552;6.31434
-0.5549999999999999;6.37663
-0.5548;6.36954
-0.5546;6.35553
-0.5544;6.35356
-0.5542;6.41491
-0.554;6.5351
-0.5538000000000001;6.55653
-0.5536;6.46865
-0.5534;6.39952
-0.5532;6.44555
-0.5529999999999999;6.48555
-0.5528;6.54157
-0.5526;6.51011
-0.5524;6.51272
-0.5522;6.4682
-0.552;6.40443
-0.5518000000000001;6.36952
-0.5516;6.31752
-0.5514;6.27865
-0.5512;6.22393
-0.5509999999999999;5.83664
-0.5508;6.14255
-0.5506;5.67811
-0.5504;5.68595
-0.5502;6.40583
-0.55;6.14939
-0.5498000000000001;6.18935
-0.5496;5.53493
-0.5494;5.53925
-0.5492;5.55695
-0.5489999999999999;5.55392
-0.5488;5.55854
-0.5486;5.51911
-0.5484;5.7524
-0.5482;5.94916
-0.548;6.00841
-0.5478000000000001;5.96447
-0.5476;5.97561
-0.5474;6.08611
-0.5472;6.32284
-0.5469999999999999;6.40327
-0.5468;6.42316
-0.5466;6.34919
-0.5464;6.30313
-0.5462;6.26615
-0.546;6.23353
-0.5458000000000001;6.20987
-0.5456000000000001;6.18081
-0.5454;6.19426
-0.5452;6.28438
-0.5449999999999999;5.98157
-0.5448;6.09211
-0.5446;6.02042
-0.5444;6.07876
-0.5442;6.1376
-0.544;5.69513
-0.5438000000000001;6.08103
-0.5436000000000001;6.08268
-0.5434;5.99486
-0.5432;6.77118
-0.5429999999999999;6.76657
-0.5428;6.7676
-0.5426;6.7768
-0.5424;6.77132
-0.5422;6.77912
-0.542;6.77315
-0.5418000000000001;6.78057
-0.5416000000000001;6.77449
-0.5414;6.76868
-0.5412;6.77552
-0.5409999999999999;5.30411
-0.5408;5.14511
-0.5406;6.77849
-0.5404;6.68086
-0.5402;6.62132
-0.54;6.58138
-0.5398000000000001;6.58233
-0.5396000000000001;6.61598
-0.5394;6.54202
-0.5392;6.46649
-0.5389999999999999;6.4573
-0.5388;5.91609
-0.5386;5.92922
-0.5384;6.38022
-0.5382;6.40196
-0.538;6.41129
-0.5378000000000001;6.47993
-0.5376000000000001;6.44493
-0.5374;6.4757
-0.5372;6.46448
-0.5369999999999999;6.44106
-0.5367999999999999;6.48805
-0.5366;6.52451
-0.5364;6.48729
-0.5362;6.48776
-0.536;6.45433
-0.5358;6.43538
-0.5356000000000001;6.45704
-0.5354;6.43882
-0.5352;6.46749
-0.5349999999999999;6.61537
-0.5347999999999999;6.65792
-0.5346;6.70009
-0.5344;6.63352
-0.5342;6.54804
-0.534;6.43986
-0.5338;6.32207
-0.5336000000000001;6.30974
-0.5334;6.1856
-0.5332;6.17013
-0.533;6.20132
-0.5327999999999999;6.24137
-0.5326;6.05321
-0.5324;6.24635
-0.5322;6.08668
-0.532;5.32814
-0.5318;5.47336
-0.5316000000000001;6.27236
-0.5314;6.19661
-0.5312;6.07864
-0.531;5.98451
-0.5307999999999999;5.8543
-0.5306;6.0258
-0.5304;5.99157
-0.5302;6.02272
-0.53;5.90754
-0.5298;6.01522
-0.5296000000000001;5.87594
-0.5294;5.98573
-0.5292;5.88703
-0.529;5.92567
-0.5287999999999999;5.94806
-0.5286;5.99512
-0.5284;6.20214
-0.5282;5.42288
-0.528;5.44805
-0.5278;6.0201
-0.5276000000000001;5.44861
-0.5274;5.45294
-0.5272;5.44439
-0.527;5.51494
-0.5267999999999999;6.77574
-0.5266;5.67055
-0.5264;5.49084
-0.5262;5.58126
-0.526;5.59403
-0.5258;5.24938
-0.5256000000000001;5.11693
-0.5254;5.39505
-0.5252;5.42136
-0.525;5.47434
-0.5247999999999999;5.61214
-0.5246;6.76728
-0.5244;5.31895
-0.5242;5.24125
-0.524;5.42517
-0.5238;5.53364
-0.5236000000000001;6.77705
-0.5234;6.77277
-0.5232;6.77834
-0.523;5.69489
-0.5227999999999999;6.77078
-0.5226;6.77987
-0.5224;6.78584
-0.5222;6.77082
-0.522;5.07857
-0.5218;6.77307
-0.5216000000000001;6.78263
-0.5214;5.06569
-0.5212;5.18564
-0.521;5.86909
-0.5207999999999999;5.36219
-0.5206;5.3739
-0.5204;5.51341
-0.5202;6.77392
-0.52;6.77831
-0.5198;6.78211
-0.5196000000000001;6.76926
-0.5194000000000001;6.77866
-0.5192;6.77327
-0.519;6.77151
-0.5187999999999999;6.78641
-0.5186;6.77015
-0.5184;6.77023
-0.5182;6.77758
-0.518;6.76986
-0.5178;6.74582
-0.5176000000000001;6.37544
-0.5174000000000001;6.3167
-0.5172;6.34704
-0.517;6.40209
-0.5167999999999999;6.46084
-0.5166;6.55691
-0.5164;6.65814
-0.5162;6.76816
-0.516;6.77137
-0.5158;6.77745
-0.5156000000000001;6.5434
-0.5154000000000001;6.3895
-0.5152;6.39354
-0.515;6.3921
-0.5147999999999999;6.36267
-0.5146;6.32345
-0.5144;6.29164
-0.5142;6.26821
-0.514;6.24214
-0.5138;6.21212
-0.5136000000000001;6.21228
-0.5134000000000001;6.18758
-0.5132;6.13837
-0.513;6.24179
-0.5127999999999999;6.20254
-0.5126;6.16042
-0.5124;6.07875
-0.5122;6.22569
-0.512;6.29532
-0.5118;6.33095
-0.5116;6.31013
-0.5114000000000001;6.36209
-0.5112;6.3636
-0.511;6.40789
-0.5107999999999999;5.6262
-0.5105999999999999;6.47505
-0.5104;6.45812
-0.5102;6.40557
-0.51;6.41884
-0.5098;6.27543
-0.5096;6.25286
-0.5094000000000001;6.19994
-0.5092;6.45573
-0.509;6.45899
-0.5087999999999999;6.45787
-0.5085999999999999;6.77651
-0.5084;6.77285
-0.5082;6.77732
-0.508;5.94363
-0.5078;6.53982
-0.5076;6.5557
-0.5074000000000001;6.55125
-0.5072;6.65523
-0.507;6.65258
-0.5068;6.58628
-0.5065999999999999;6.65426
-0.5064;6.67926
-0.5062;6.62004
-0.506;6.53387
-0.5058;6.50249
-0.5056;6.47437
-0.5054000000000001;6.50354
-0.5052;6.50299
-0.505;6.5456
-0.5048;6.53062
-0.5045999999999999;6.50096
-0.5044;6.4586
-0.5042;6.45712
-0.504;6.44189
-0.5038;6.49986
-0.5036;6.44383
-0.5034000000000001;6.78432
-0.5032;6.33499
-0.503;6.77553
-0.5028;6.05539
-0.5025999999999999;6.78427
-0.5024;6.78408
-0.5022;6.78382
-0.502;6.77813
-0.5018;6.77716
-0.5016;6.77791
-0.5014000000000001;6.77179
-0.5012;6.77141
-0.501;6.77831
-0.5008;6.7758
-0.5005999999999999;6.76617
-0.5004;6.77482
-0.5002;6.69653
-0.5;6.55213
-0.4998;6.37388
-0.4996;5.233
-0.4994;6.54132
-0.4992;6.57891
-0.499;6.65348
-0.4988;6.45813
-0.4986;6.32553
-0.4984;6.33285
-0.4982;6.27088
-0.498;6.15038
-0.4978;6.27089
-0.4976;6.07713
-0.4974;6.0822
-0.4972;6.36428
-0.497;6.53908
-0.4968;6.39959
-0.4966;6.33335
-0.4964;6.3604
-0.4962;6.43778
-0.496;5.48803
-0.4958;5.93078
-0.4956;6.29807
-0.4954;6.29259
-0.4952;6.31602
-0.495;6.34706
-0.4948;4.3912
-0.4946;6.32528
-0.4944;6.31357
-0.49420000000000003;6.27894
-0.494;6.2452
-0.4938;6.23041
-0.4936;6.22094
-0.4934;6.18724
-0.4932;6.11772
-0.493;6.09219
-0.4928;6.09323
-0.4926;6.0635
-0.4924;6.06558
-0.4922;6.00083
-0.492;5.36628
-0.4918;5.18628
-0.4916;5.28426
-0.4914;5.33497
-0.4912;5.78548
-0.491;5.78285
-0.4908;5.80175
-0.4906;6.32991
-0.4904;6.29762
-0.4902;5.20658
-0.49;6.2127
-0.4898;5.09545
-0.4896;6.22374
-0.4894;6.17767
-0.4892;6.10535
-0.489;6.01617
-0.4888;5.99163
-0.4886;5.90527
-0.4884;5.97623
-0.4882;6.13621
-0.488;6.23891
-0.4878;6.26196
-0.4876;6.2425
-0.4874;6.30269
-0.4872;6.36782
-0.487;6.35264
-0.4868;6.37392
-0.4866;6.36808
-0.4864;6.34011
-0.4862;6.36766
-0.486;6.36527
-0.4858;6.35769
-0.4856;6.33789
-0.4854;6.3272
-0.4852;6.26184
-0.485;6.19972
-0.4848;6.10663
-0.4846;6.20216
-0.4844;6.14553
-0.4842;6.27192
-0.484;6.35307
-0.4838;6.37564
-0.4836;6.37535
-0.4834;6.38784
-0.4832;6.32856
-0.483;6.24192
-0.4828;6.25504
-0.4826;6.19779
-0.4824;6.09804
-0.4822;6.0977
-0.482;6.04902
-0.4818;6.19251
-0.4816;6.13226
-0.4814;6.09645
-0.4812;6.30278
-0.481;6.29488
-0.4808;6.27284
-0.4806;6.23943
-0.4804;6.17847
-0.4802;6.14279
-0.48;6.19543
-0.4798;6.14318
-0.4796;5.9913
-0.4794;6.01636
-0.4792;5.88685
-0.479;6.00063
-0.4788;6.09754
-0.4786;6.38169
-0.4784;5.76866
-0.4782;6.3613
-0.478;6.22691
-0.4778;6.20665
-0.4776;6.14874
-0.4774;6.10982
-0.4772;6.14102
-0.477;6.03935
-0.4768;6.16602
-0.4766;6.22895
-0.4764;5.9269
-0.4762;5.42562
-0.476;6.193
-0.4758;6.17842
-0.4756;6.24235
-0.4754;6.19503
-0.4752;6.17963
-0.475;6.11081
-0.4748;6.03179
-0.4746;6.02625
-0.4744;5.96252
-0.4742;5.99156
-0.474;5.86806
-0.4738;5.70433
-0.4736;5.70375
-0.4734;5.56492
-0.4732;5.48442
-0.473;5.40893
-0.4728;5.6347
-0.4726;5.63295
-0.4724;5.55631
-0.4722;5.4599
-0.472;5.36754
-0.4718;5.56824
-0.4716;6.17357
-0.4714;6.08502
-0.4712;6.17607
-0.471;6.21244
-0.4708;6.14517
-0.4706;6.17966
-0.4704;6.17914
-0.4702;6.15775
-0.47;6.26482
-0.4698;6.30664
-0.4696;6.23837
-0.4694;6.29313
-0.4692;6.33574
-0.469;6.32532
-0.4688;6.33063
-0.4686;6.30528
-0.4684;6.31298
-0.4682;6.24653
-0.468;6.19141
-0.4678;6.24365
-0.4676;6.20936
-0.4674;6.22961
-0.4672;6.29007
-0.467;6.26676
-0.4668;6.19228
-0.4666;6.22609
-0.4664;6.20113
-0.4662;6.24307
-0.466;6.17276
-0.4658;6.25675
-0.4656;6.29256
-0.4654;6.2675
-0.4652;6.34226
-0.465;6.52896
-0.4648;6.77079
-0.4646;6.62409
-0.4644;6.55482
-0.4642;6.66459
-0.464;6.77499
-0.4638;6.7721
-0.4636;6.77878
-0.4634;6.77327
-0.4632;6.78111
-0.463;6.77659
-0.4628;6.68228
-0.4626;6.7775
-0.4624;6.77753
-0.4622;5.22659
-0.462;5.13029
-0.4618;5.15108
-0.4616;6.32657
-0.4614;6.04154
-0.4612;6.15134
-0.461;6.17803
-0.4608;6.17446
-0.4606;6.17491
-0.4604;6.20508
-0.4602;6.20678
-0.46;6.1569
-0.4598;6.13896
-0.4596;6.32499
-0.4594;6.14954
-0.4592;6.16742
-0.459;6.11421
-0.4588;6.66708
-0.4586;6.58101
-0.4584;6.61192
-0.4582;6.77066
-0.458;6.77865
-0.4578;6.77163
-0.4576;6.77486
-0.4574;6.7847
-0.4572;6.7821
-0.457;6.77511
-0.4568;6.77358
-0.4566;6.77807
-0.4564;6.77678
-0.4562;6.77784
-0.456;6.78199
-0.4558;6.77686
-0.4556;6.77551
-0.45539999999999997;6.77825
-0.4552;6.776
-0.455;6.77751
-0.4548;6.78001
-0.4546;6.76924
-0.4544;6.77152
-0.4542;6.77378
-0.454;5.81401
-0.4538;6.77669
-0.4536;6.77393
-0.4534;6.78133
-0.4532;6.77745
-0.453;6.78273
-0.4528;6.77574
-0.4526;6.7747
-0.4524;6.78734
-0.4522;6.78254
-0.452;6.783
-0.4518;6.78559
-0.4516;6.77958
-0.4514;6.4085
-0.4512;6.50427
-0.451;6.78542
-0.4508;6.78468
-0.4506;6.77587
-0.4504;6.77623
-0.4502;6.77335
-0.45;5.6653
-0.4498;5.62942
-0.4496;5.71485
-0.4494;6.78348
-0.4492;6.77743
-0.449;6.77866
-0.4488;6.78045
-0.4486;6.7677
-0.4484;6.77256
-0.4482;6.77982
-0.448;6.78803
-0.4478;6.77064
-0.4476;6.77619
-0.4474;6.77418
-0.4472;6.77458
-0.447;6.7797
-0.4468;6.77472
-0.4466;6.78458
-0.4464;6.77733
-0.4462;6.774
-0.446;6.77905
-0.4458;6.77931
-0.4456;5.61723
-0.4454;6.03522
-0.4452;6.76314
-0.445;6.74114
-0.4448;6.7533
-0.4446;6.76759
-0.4444;6.77186
-0.4442;6.75974
-0.444;6.74784
-0.4438;6.75544
-0.4436;6.76036
-0.4434;6.75495
-0.4432;6.7401
-0.443;6.75217
-0.44279999999999997;6.73295
-0.4426;6.74359
-0.4424;6.74983
-0.4422;6.74638
-0.442;6.74979
-0.44179999999999997;6.76301
-0.4416;6.75215
-0.4414;6.76973
-0.4412;6.76817
-0.441;6.7662
-0.4408;6.76396
-0.4406;6.76175
-0.4404;6.7429
-0.4402;6.75604
-0.44;6.76361
-0.4398;6.76052
-0.4396;6.75782
-0.4394;6.75745
-0.4392;6.76383
-0.439;6.7736
-0.4388;6.76293
-0.4386;6.74948
-0.4384;6.7688
-0.4382;6.75857
-0.438;6.75715
-0.4378;6.76585
-0.4376;6.77611
-0.4374;6.75503
-0.4372;6.77195
-0.437;6.76761
-0.4368;6.75535
-0.4366;6.76718
-0.4364;6.77103
-0.4362;6.53531
-0.436;6.41766
-0.4358;6.40888
-0.4356;6.72332
-0.4354;6.77757
-0.4352;6.77202
-0.435;6.7649
-0.4348;6.75312
-0.4346;6.76802
-0.4344;6.76489
-0.4342;6.75556
-0.434;6.758
-0.4338;6.75092
-0.4336;6.76751
-0.4334;6.75728
-0.4332;6.75145
-0.433;6.75718
-0.4328;6.75838
-0.4326;6.77721
-0.4324;6.77258
-0.4322;6.77517
-0.432;6.77151
-0.4318;6.77513
-0.4316;6.7797
-0.4314;6.77384
-0.43119999999999997;6.76967
-0.431;6.76938
-0.4308;6.77334
-0.4306;6.77412
-0.4304;6.7573
-0.43019999999999997;6.77323
-0.43;6.76535
-0.4298;6.76281
-0.4296;6.75912
-0.4294;6.76836
-0.42919999999999997;6.75192
-0.429;6.76742
-0.4288;6.771
-0.4286;6.76466
-0.4284;6.77055
-0.4282;6.76164
-0.428;6.7671
-0.4278;6.76852
-0.4276;6.76762
-0.4274;6.76235
-0.4272;6.76182
-0.427;6.77315
-0.4268;6.77062
-0.4266;6.76051
-0.4264;6.77391
-0.4262;6.77049
-0.426;6.77103
-0.4258;6.76695
-0.4256;6.77424
-0.4254;6.7613
-0.4252;6.76914
-0.425;6.76279
-0.4248;6.76414
-0.4246;6.76994
-0.4244;6.75814
-0.4242;6.75204
-0.424;6.74479
-0.4238;6.78239
-0.4236;6.77143
-0.4234;6.7538
-0.4232;6.74963
-0.423;6.7686
-0.4228;6.77494
-0.4226;6.75453
-0.4224;6.76462
-0.4222;6.76581
-0.422;6.7844
-0.4218;6.76837
-0.4216;6.77862
-0.4214;6.76819
-0.4212;6.74575
-0.421;6.75929
-0.4208;6.77405
-0.4206;6.77521
-0.4204;6.77302
-0.4202;6.77392
-0.42;6.77898
-0.4198;6.77642
-0.4196;6.77582
-0.4194;6.76602
-0.4192;6.7858
-0.419;6.77901
-0.4188;6.77691
-0.41859999999999997;6.76958
-0.4184;6.77178
-0.4182;6.7834
-0.418;6.77075
-0.4178;6.77745
-0.41759999999999997;6.75763
-0.4174;6.75705
-0.4172;6.76965
-0.417;6.76425
-0.4168;6.76222
-0.41659999999999997;6.77707
-0.4164;6.77292
-0.4162;6.77687
-0.416;6.78022
-0.4158;6.76031
-0.41559999999999997;6.77496
-0.4154;6.75992
-0.4152;6.749
-0.415;6.76738
-0.4148;6.77416
-0.4146;6.7614
-0.4144;6.77415
-0.4142;6.76821
-0.414;6.76243
-0.4138;6.75709
-0.4136;6.77918
-0.4134;6.76687
-0.4132;6.77282
-0.413;6.77364
-0.4128;6.76522
-0.4126;6.76436
-0.4124;6.7706
-0.4122;6.7748
-0.412;6.76605
-0.4118;6.77474
-0.4116;6.76812
-0.4114;6.77058
-0.4112;6.75762
-0.411;6.77142
-0.4108;6.77022
-0.4106;6.7736
-0.4104;6.77332
-0.4102;6.77509
-0.41;6.77265
-0.4098;6.77551
-0.4096;6.77754
-0.4094;6.77588
-0.4092;6.77075
-0.409;6.77845
-0.4088;6.77945
-0.4086;6.78057
-0.4084;6.7673
-0.4082;6.76652
-0.408;6.77728
-0.4078;6.77179
-0.4076;6.77315
-0.4074;6.78034
-0.4072;6.78182
-0.407;6.77575
-0.4068;6.78749
-0.4066;6.78218
-0.4064;6.77019
-0.4062;6.76758
-0.40599999999999997;6.77477
-0.4058;6.7695
-0.4056;6.76779
-0.4054;6.77194
-0.4052;6.77333
-0.40499999999999997;6.76628
-0.4048;6.77162
-0.4046;6.78005
-0.4044;6.77247
-0.4042;6.78394
-0.40399999999999997;6.76841
-0.4038;6.76614
-0.4036;6.76683
-0.4034;6.76632
-0.4032;6.77318
-0.40299999999999997;6.77177
-0.4028;6.75808
-0.4026;6.76746
-0.4024;6.76371
-0.4022;6.77092
-0.40199999999999997;6.76669
-0.4018;6.78833
-0.4016;6.76919
-0.4014;6.76786
-0.4012;6.77437
-0.401;6.77954
-0.4008;6.76692
-0.4006;6.75701
-0.4004;6.77409
-0.4002;6.7713
-0.4;6.77549
-0.3998;6.76696
-0.3996;6.7643
-0.3994;6.75506
-0.3992;6.7469
-0.399;6.75851
-0.3988;6.75925
-0.3986;6.7642
-0.3984;6.77076
-0.3982;6.77074
-0.398;6.77003
-0.3978;6.77645
-0.3976;6.76729
-0.3974;6.77597
-0.3972;6.77764
-0.397;6.76327
-0.3968;6.76577
-0.3966;6.76953
-0.3964;6.76396
-0.3962;6.76922
-0.396;6.76809
-0.3958;6.7691
-0.3956;6.75733
-0.3954;6.76375
-0.3952;6.77065
-0.395;6.77274
-0.3948;6.77772
-0.3946;6.76627
-0.3944;6.76531
-0.3942;6.75915
-0.394;6.75683
-0.3938;6.75354
-0.3936;6.763
-0.39339999999999997;6.76698
-0.3932;6.76774
-0.393;6.7657
-0.3928;6.77036
-0.3926;6.77139
-0.39239999999999997;6.76301
-0.3922;6.76734
-0.392;6.77631
-0.3918;6.77735
-0.3916;6.77453
-0.39139999999999997;6.78318
-0.3912;6.77974
-0.391;6.78665
-0.3908;6.78134
-0.3906;6.77649
-0.39039999999999997;6.77191
-0.3902;6.7899
-0.39;6.78367
-0.3898;6.75504
-0.3896;6.76887
-0.38939999999999997;6.76688
-0.3892;6.7473
-0.389;6.76853
-0.3888;6.76382
-0.3886;6.7714
-0.3884;6.76665
-0.3882;6.77045
-0.388;6.76607
-0.3878;6.76927
-0.3876;6.78198
-0.3874;6.76259
-0.3872;6.7656
-0.387;6.75825
-0.3868;6.77246
-0.3866;6.77343
-0.3864;6.7767
-0.3862;6.77426
-0.386;6.77495
-0.3858;6.77625
-0.3856;6.76439
-0.3854;6.73533
-0.3852;6.74208
-0.385;6.70155
-0.3848;6.76214
-0.3846;6.7636
-0.3844;6.75365
-0.3842;6.76287
-0.384;6.78377
-0.3838;6.76675
-0.3836;6.64549
-0.3834;6.36304
-0.3832;6.3674
-0.383;6.39227
-0.3828;6.44218
-0.3826;6.39626
-0.3824;6.39277
-0.3822;6.35655
-0.382;6.35769
-0.3818;6.37156
-0.3816;6.35453
-0.3814;6.37268
-0.3812;6.46923
-0.381;6.47174
-0.38079999999999997;6.77877
-0.3806;6.70757
-0.3804;6.6295
-0.3802;6.76718
-0.38;6.76871
-0.37979999999999997;6.77768
-0.3796;6.77263
-0.3794;6.77523
-0.3792;6.76688
-0.379;6.77527
-0.37879999999999997;6.77841
-0.3786;6.77756
-0.3784;6.76827
-0.3782;6.77613
-0.378;6.77437
-0.37779999999999997;6.76233
-0.3776;6.78585
-0.3774;6.77409
-0.3772;6.77258
-0.377;6.76713
-0.37679999999999997;6.7697
-0.3766;6.76872
-0.3764;6.76291
-0.3762;6.75333
-0.376;6.73644
-0.37579999999999997;6.72637
-0.3756;6.77423
-0.3754;6.76923
-0.3752;6.64554
-0.375;6.71458
-0.3748;6.62863
-0.3746;6.589
-0.3744;6.60398
-0.3742;6.67942
-0.374;6.60867
-0.3738;6.6276
-0.3736;6.65927
-0.3734;6.61847
-0.3732;6.67809
-0.373;6.61512
-0.3728;6.57847
-0.3726;6.66494
-0.3724;6.57109
-0.3722;6.63745
-0.372;6.76366
-0.3718;6.73455
-0.3716;6.58308
-0.3714;6.51753
-0.3712;6.47418
-0.371;6.49659
-0.3708;6.46943
-0.3706;6.46499
-0.3704;6.44707
-0.3702;6.45754
-0.37;6.46405
-0.3698;6.46364
-0.3696;6.49849
-0.3694;6.46377
-0.3692;6.46895
-0.369;6.4876
-0.3688;6.49091
-0.3686;6.40278
-0.3684;6.45274
-0.36819999999999997;6.77071
-0.368;6.76524
-0.3678;6.75838
-0.3676;6.76681
-0.3674;6.76937
-0.36719999999999997;6.76436
-0.367;6.76429
-0.3668;6.74962
-0.3666;6.7648
-0.3664;6.76326
-0.36619999999999997;6.75255
-0.366;6.77292
-0.3658;6.75902
-0.3656;6.75982
-0.3654;6.76149
-0.36519999999999997;6.76017
-0.365;6.7672
-0.3648;6.77131
-0.3646;6.76577
-0.3644;6.7845
-0.36419999999999997;6.76603
-0.364;6.77338
-0.3638;6.76153
-0.3636;6.76377
-0.3634;6.76818
-0.36319999999999997;6.77057
-0.363;6.76794
-0.3628;6.77618
-0.3626;6.76931
-0.3624;6.76612
-0.3622;6.7734
-0.362;6.76765
-0.3618;6.76371
-0.3616;6.76957
-0.3614;6.76437
-0.3612;6.78257
-0.361;6.78134
-0.3608;6.77861
-0.3606;6.76833
-0.3604;6.77665
-0.3602;6.77391
-0.36;6.76257
-0.3598;6.77817
-0.3596;6.76595
-0.3594;6.76863
-0.3592;6.76606
-0.359;6.76811
-0.3588;6.77539
-0.3586;6.77097
-0.3584;6.77185
-0.3582;6.76928
-0.358;6.76929
-0.3578;6.77216
-0.3576;6.77912
-0.3574;6.78163
-0.3572;6.78179
-0.357;6.78091
-0.3568;6.78132
-0.3566;6.78042
-0.3564;6.78564
-0.3562;6.7687
-0.356;6.77081
-0.3558;6.76539
-0.35559999999999997;6.77754
-0.3554;6.77478
-0.3552;6.77076
-0.355;6.78827
-0.3548;6.77065
-0.35459999999999997;6.76335
-0.3544;6.75964
-0.3542;6.76554
-0.354;6.77293
-0.3538;6.76263
-0.35359999999999997;6.77065
-0.3534;6.77796
-0.3532;6.76769
-0.353;6.7685
-0.3528;6.75924
-0.35259999999999997;6.75678
-0.3524;6.75605
-0.3522;6.76417
-0.352;6.7579
-0.3518;6.76829
-0.35159999999999997;6.76647
-0.3514;6.77705
-0.3512;6.77883
-0.351;6.76021
-0.3508;6.78139
-0.35059999999999997;6.76338
-0.3504;6.76283
-0.3502;6.77137
-0.35;6.77144
-0.3498;6.76588
-0.34959999999999997;6.77536
-0.3494;6.77177
-0.3492;6.76865
-0.349;6.76448
-0.3488;6.77259
-0.3486;6.75516
-0.3484;6.75995
-0.3482;6.76645
-0.348;6.76885
-0.3478;6.77245
-0.3476;6.77043
-0.3474;6.77378
-0.3472;6.77174
-0.347;6.77164
-0.3468;6.7692
-0.3466;6.77009
-0.3464;6.77782
-0.3462;6.77557
-0.346;6.77259
-0.3458;6.77297
-0.3456;6.78562
-0.3454;6.75755
-0.3452;6.77854
-0.345;6.75681
-0.3448;6.78186
-0.3446;6.77864
-0.34440000000000004;6.77598
-0.34419999999999995;6.75998
-0.344;6.76298
-0.3438;6.7759
-0.3436;6.7743
-0.34340000000000004;6.77279
-0.34319999999999995;6.78106
-0.34299999999999997;6.76304
-0.3428;6.76344
-0.3426;6.76713
-0.34240000000000004;6.77842
-0.34219999999999995;6.77157
-0.34199999999999997;6.77353
-0.3418;6.76588
-0.3416;6.77252
-0.34140000000000004;6.7679
-0.34119999999999995;6.77652
-0.34099999999999997;6.77088
-0.3408;6.77244
-0.3406;6.76607
-0.34040000000000004;6.76252
-0.34019999999999995;6.7677
-0.33999999999999997;6.77434
-0.3398;6.7767
-0.3396;6.77959
-0.33940000000000003;6.77194
-0.33919999999999995;6.77639
-0.33899999999999997;6.75934
-0.3388;6.76802
-0.3386;6.78142
-0.33840000000000003;6.7755
-0.33819999999999995;6.77838
-0.33799999999999997;6.78384
-0.3378;6.78333
-0.3376;6.77763
-0.33740000000000003;6.78074
-0.33719999999999994;6.77574
-0.33699999999999997;6.78045
-0.3368;6.78632
-0.3366;6.78335
-0.33640000000000003;6.78175
-0.33619999999999994;6.78071
-0.33599999999999997;6.77954
-0.3358;6.781
-0.3356;6.76489
-0.33540000000000003;6.78996
-0.33519999999999994;6.76861
-0.33499999999999996;6.77863
-0.3348;6.78242
-0.3346;6.77778
-0.33440000000000003;6.77996
-0.33419999999999994;6.78815
-0.33399999999999996;6.78562
-0.3338;6.78467
-0.3336;6.77657
-0.33340000000000003;6.78534
-0.33319999999999994;6.77958
-0.33299999999999996;6.78142
-0.3328;6.77592
-0.3326;6.7902
-0.33240000000000003;6.76895
-0.33219999999999994;6.77557
-0.33199999999999996;6.77773
-0.3318;6.78507
-0.3316;6.78131
-0.33140000000000003;6.77914
-0.33119999999999994;6.76781
-0.33099999999999996;6.77839
-0.3308;6.76956
-0.3306;6.75947
-0.3304;6.76672
-0.33019999999999994;6.76985
-0.32999999999999996;6.76942
-0.3298;6.76792
-0.3296;6.77125
-0.3294;6.77288
-0.32920000000000005;6.76504
-0.32899999999999996;6.76739
-0.3288;6.68698
-0.3286;6.78337
-0.3284;6.7728
-0.32820000000000005;6.77906
-0.32799999999999996;6.7657
-0.3278;6.77619
-0.3276;6.75709
-0.3274;6.77564
-0.32720000000000005;6.76269
-0.32699999999999996;6.77219
-0.3268;6.76394
-0.3266;6.75708
-0.3264;6.7684
-0.32620000000000005;6.75575
-0.32599999999999996;6.73095
-0.3258;6.63624
-0.3256;6.58259
-0.3254;6.58575
-0.32520000000000004;6.54706
-0.32499999999999996;6.58834
-0.3248;6.47031
-0.3246;6.5026
-0.3244;6.50722
-0.32420000000000004;6.45199
-0.32399999999999995;6.45594
-0.3238;6.50337
-0.3236;6.46962
-0.3234;6.43399
-0.32320000000000004;6.42346
-0.32299999999999995;6.44297
-0.3228;6.45942
-0.3226;6.44917
-0.3224;6.40349
-0.32220000000000004;6.39028
-0.32199999999999995;6.40531
-0.3218;6.43177
-0.3216;6.44786
-0.3214;6.49052
-0.32120000000000004;6.50252
-0.32099999999999995;6.50631
-0.3208;6.50147
-0.3206;6.50962
-0.3204;6.41848
-0.32020000000000004;6.55545
-0.31999999999999995;6.68816
-0.3198;6.7211
-0.3196;6.77468
-0.3194;6.61753
-0.31920000000000004;6.58742
-0.31899999999999995;6.62677
-0.3188;6.7714
-0.3186;6.7637
-0.3184;6.76911
-0.31820000000000004;6.76437
-0.31799999999999995;6.76554
-0.31779999999999997;6.76897
-0.3176;6.77691
-0.3174;6.77214
-0.31720000000000004;6.76936
-0.31699999999999995;6.77067
-0.31679999999999997;6.77656
-0.3166;6.7737
-0.3164;6.77397
-0.31620000000000004;6.76771
-0.31599999999999995;6.75797
-0.31579999999999997;6.76936
-0.3156;6.76492
-0.3154;6.78321
-0.31520000000000004;6.77401
-0.31499999999999995;6.77561
-0.31479999999999997;6.76221
-0.3146;6.77197
-0.3144;6.76666
-0.31420000000000003;6.77133
-0.31399999999999995;6.7649
-0.31379999999999997;6.76931
-0.3136;6.75568
-0.3134;6.78644
-0.31320000000000003;6.76684
-0.31299999999999994;6.77264
-0.31279999999999997;6.77125
-0.3126;6.77217
-0.3124;6.77303
-0.31220000000000003;6.76506
-0.31199999999999994;6.78246
-0.31179999999999997;6.76592
-0.3116;6.77137
-0.3114;6.77493
-0.31120000000000003;6.78078
-0.31099999999999994;6.75277
-0.31079999999999997;6.66782
-0.3106;6.51239
-0.3104;6.49774
-0.31020000000000003;6.40645
-0.30999999999999994;6.3664
-0.30979999999999996;6.43403
-0.3096;6.45731
-0.3094;6.76305
-0.30920000000000003;6.76597
-0.30899999999999994;6.76088
-0.30879999999999996;6.75978
-0.3086;6.75508
-0.3084;6.75963
-0.30820000000000003;6.75311
-0.30799999999999994;6.77112
-0.30779999999999996;6.77094
-0.3076;6.76586
-0.3074;6.75128
-0.30720000000000003;6.76704
-0.30699999999999994;6.76676
-0.30679999999999996;6.76671
-0.3066;6.7605
-0.3064;6.76034
-0.3062;6.77807
-0.30599999999999994;6.76917
-0.30579999999999996;6.75814
-0.3056;6.77747
-0.3054;6.77255
-0.3052;6.78086
-0.30499999999999994;6.76942
-0.30479999999999996;6.77491
-0.3046;6.77125
-0.3044;6.77923
-0.3042;6.77969
-0.30399999999999994;6.77341
-0.30379999999999996;6.77963
-0.3036;6.78441
-0.3034;6.67615
-0.3032;6.71089
-0.30299999999999994;6.47943
-0.30279999999999996;6.51656
-0.3026;6.57669
-0.3024;6.54805
-0.3022;6.7514
-0.30200000000000005;6.61229
-0.30179999999999996;6.53896
-0.3016;6.40359
-0.3014;6.48995
-0.3012;6.4067
-0.30100000000000005;6.34991
-0.30079999999999996;6.42764
-0.3006;6.55656
-0.3004;6.77785
-0.3002;6.77364
-0.30000000000000004;6.78548
-0.29979999999999996;6.77422
-0.2996;6.77271
-0.2994;6.77388
-0.2992;6.77665
-0.29900000000000004;6.78088
-0.29879999999999995;6.77253
-0.2986;6.76888
-0.2984;6.69017
-0.2982;6.67651
-0.29800000000000004;6.67348
-0.29779999999999995;6.64027
-0.2976;6.71003
-0.2974;6.77592
-0.2972;6.76572
-0.29700000000000004;6.77637
-0.29679999999999995;6.77584
-0.2966;6.77103
-0.2964;6.77027
-0.2962;6.75758
-0.29600000000000004;6.76438
-0.29579999999999995;6.76867
-0.2956;6.77292
-0.2954;6.76058
-0.2952;6.76121
-0.29500000000000004;6.75741
-0.29479999999999995;6.76326
-0.2946;6.7635
-0.2944;6.7816
-0.2942;6.77797
-0.29400000000000004;6.7722
-0.29379999999999995;6.77923
-0.29359999999999997;6.78416
-0.2934;6.78073
-0.2932;6.78779
-0.29300000000000004;6.77654
-0.29279999999999995;6.76207
-0.29259999999999997;6.76975
-0.2924;6.77056
-0.2922;6.77252
-0.29200000000000004;6.75806
-0.29179999999999995;6.78305
-0.29159999999999997;6.76942
-0.2914;6.76135
-0.2912;6.76834
-0.29100000000000004;6.77474
-0.29079999999999995;6.77686
-0.29059999999999997;6.768
-0.2904;6.77754
-0.2902;6.75909
-0.29000000000000004;6.77609
-0.28979999999999995;6.7708
-0.28959999999999997;6.77802
-0.2894;6.73016
-0.2892;6.77991
-0.28900000000000003;6.63309
-0.28879999999999995;6.37206
-0.28859999999999997;6.38586
-0.2884;6.35107
-0.2882;6.34194
-0.28800000000000003;6.33753
-0.28779999999999994;6.28814
-0.28759999999999997;6.27887
-0.2874;6.28085
-0.2872;6.2413
-0.28700000000000003;6.22244
-0.28679999999999994;6.19229
-0.28659999999999997;6.19286
-0.2864;6.17583
-0.2862;6.15612
-0.28600000000000003;6.19347
-0.28579999999999994;6.22988
-0.28559999999999997;6.22208
-0.2854;6.22573
-0.2852;6.23781
-0.28500000000000003;6.21957
-0.28479999999999994;6.19272
-0.28459999999999996;6.19104
-0.2844;6.19501
-0.2842;6.17218
-0.28400000000000003;6.15962
-0.28379999999999994;6.16453
-0.28359999999999996;6.192
-0.2834;6.19034
-0.2832;6.20712
-0.28300000000000003;6.22923
-0.28279999999999994;6.25089
-0.28259999999999996;6.23809
-0.2824;6.20374
-0.2822;6.23696
-0.28200000000000003;6.18498
-0.28179999999999994;6.19715
-0.28159999999999996;6.14326
-0.2814;6.13817
-0.2812;6.19648
-0.281;6.14834
-0.28079999999999994;6.12837
-0.28059999999999996;6.14274
-0.2804;6.1274
-0.2802;6.17605
-0.28;6.2171
-0.27979999999999994;6.24083
-0.27959999999999996;6.23765
-0.2794;6.2355
-0.2792;6.20598
-0.279;6.17805
-0.27879999999999994;6.21705
-0.27859999999999996;6.23828
-0.2784;6.24515
-0.2782;6.22712
-0.278;6.20131
-0.27779999999999994;6.26921
-0.27759999999999996;6.32343
-0.2774;6.35161
-0.2772;6.59135
-0.277;6.75956
-0.27679999999999993;6.76053
-0.27659999999999996;6.74354
-0.2764;6.7686
-0.2762;6.7382
-0.276;6.67924
-0.27580000000000005;6.77301
-0.27559999999999996;6.77672
-0.2754;6.77903
-0.2752;6.7768
-0.275;6.7703
-0.27480000000000004;6.76801
-0.27459999999999996;6.77806
-0.2744;6.76459
-0.2742;6.75064
-0.274;6.75922
-0.27380000000000004;6.77303
-0.27359999999999995;6.77287
-0.2734;6.64285
-0.2732;6.71728
-0.273;6.6156
-0.27280000000000004;6.64313
-0.27259999999999995;6.60169
-0.2724;6.68524
-0.2722;6.65442
-0.272;6.65278
-0.27180000000000004;6.65732
-0.27159999999999995;6.74727
-0.2714;6.6104
-0.2712;6.76787
-0.271;6.72897
-0.27080000000000004;6.76218
-0.27059999999999995;6.77212
-0.2704;6.63314
-0.2702;6.48735
-0.27;6.45918
-0.26980000000000004;6.38895
-0.26959999999999995;6.4355
-0.2694;6.43783
-0.2692;6.46131
-0.269;6.50952
-0.26880000000000004;6.49728
-0.26859999999999995;6.42096
-0.26839999999999997;6.46399
-0.2682;6.46211
-0.268;6.45341
-0.26780000000000004;6.45192
-0.26759999999999995;6.44015
-0.26739999999999997;6.50272
-0.2672;6.48934
-0.267;6.5005
-0.26680000000000004;6.71312
-0.26659999999999995;6.64306
-0.26639999999999997;6.45404
-0.2662;6.44343
-0.266;6.38201
-0.26580000000000004;6.36614
-0.26559999999999995;6.21746
-0.26539999999999997;6.29955
-0.2652;6.28441
-0.265;6.22007
-0.26480000000000004;6.24108
-0.26459999999999995;6.24965
-0.26439999999999997;6.75544
-0.2642;6.76716
-0.264;6.76586
-0.26380000000000003;6.75661
-0.26359999999999995;6.7651
-0.26339999999999997;6.76557
-0.2632;6.76318
-0.263;6.76591
-0.26280000000000003;6.77581
-0.26259999999999994;6.76407
-0.26239999999999997;6.76593
-0.2622;6.76031
-0.262;6.76148
-0.26180000000000003;6.7827
-0.26159999999999994;6.75332
-0.26139999999999997;6.75523
-0.2612;6.78284
-0.261;6.75581
-0.26080000000000003;6.50361
-0.26059999999999994;6.76502
-0.26039999999999996;6.61808
-0.2602;6.53263
-0.26;6.41402
-0.25980000000000003;6.76817
-0.25959999999999994;6.76296
-0.25939999999999996;6.5194
-0.2592;6.5657
-0.259;6.6087
-0.25880000000000003;6.52761
-0.25859999999999994;6.7809
-0.25839999999999996;6.7716
-0.2582;6.7747
-0.258;6.74919
-0.25780000000000003;6.77611
-0.25759999999999994;6.77495
-0.25739999999999996;6.75674
-0.2572;6.76926
-0.257;6.75448
-0.25680000000000003;6.78051
-0.25659999999999994;6.7727
-0.25639999999999996;6.76019
-0.2562;6.75502
-0.256;6.75993
-0.2558;6.78129
-0.25559999999999994;6.78276
-0.25539999999999996;6.7866
-0.2552;6.78292
-0.255;6.09818
-0.2548;6.15141
-0.25459999999999994;6.78593
-0.25439999999999996;6.08451
-0.2542;6.08297
-0.254;6.71434
-0.2538;6.5118
-0.25359999999999994;6.52845
-0.25339999999999996;6.47283
-0.2532;6.44744
-0.253;6.49634
-0.2528;6.59116
-0.25259999999999994;6.60503
-0.25239999999999996;6.67272
-0.2522;6.54392
-0.252;6.58306
-0.2518;6.51143
-0.25159999999999993;6.53664
-0.25139999999999996;6.50383
-0.2512;6.50046
-0.251;6.49833
-0.2508;6.51713
-0.25059999999999993;6.49032
-0.25039999999999996;6.50156
-0.2502;6.54014
-0.25;6.51976
-0.24980000000000002;6.50069
-0.24960000000000004;6.47389
-0.24939999999999996;6.47274
-0.24919999999999998;6.4574
-0.249;6.43667
-0.24880000000000002;6.43847
-0.24860000000000004;6.45019
-0.24839999999999995;6.39109
-0.24819999999999998;6.39483
-0.248;6.39888
-0.24780000000000002;6.33818
-0.24760000000000004;6.36326
-0.24739999999999995;6.38081
-0.24719999999999998;6.4572
-0.247;6.60926
-0.24680000000000002;6.77767
-0.24660000000000004;6.76338
-0.24639999999999995;6.77633
-0.24619999999999997;6.77294
-0.246;6.61458
-0.24580000000000002;6.39632
-0.24560000000000004;6.40743
-0.24539999999999995;6.40301
-0.24519999999999997;6.41826
-0.245;6.45237
-0.24480000000000002;6.46871
-0.24460000000000004;6.45535
-0.24439999999999995;6.40713
-0.24419999999999997;6.40506
-0.244;6.45009
-0.24380000000000002;6.46976
-0.24360000000000004;6.50207
-0.24339999999999995;6.48246
-0.24319999999999997;6.41752
-0.243;6.39862
-0.24280000000000002;6.38627
-0.24260000000000004;6.56426
-0.24239999999999995;6.74956
-0.24219999999999997;6.74008
-0.242;6.74645
-0.24180000000000001;6.74638
-0.24160000000000004;6.73463
-0.24139999999999995;6.74499
-0.24119999999999997;6.74819
-0.241;6.7543
-0.24080000000000001;6.75732
-0.24060000000000004;6.72828
-0.24039999999999995;6.72428
-0.24019999999999997;6.72312
-0.24;6.7361
-0.2398;6.72666
-0.23960000000000004;6.71772
-0.23939999999999995;6.71978
-0.23919999999999997;6.73329
-0.239;6.73325
-0.2388;6.72879
-0.23860000000000003;6.7436
-0.23839999999999995;6.71601
-0.23819999999999997;6.74517
-0.238;6.73481
-0.2378;6.74024
-0.23760000000000003;6.72865
-0.23739999999999994;6.6985
-0.23719999999999997;6.734
-0.237;6.73653
-0.2368;6.7616
-0.23660000000000003;6.88293
-0.23639999999999994;6.88233
-0.23619999999999997;6.88356
-0.236;6.88831
-0.2358;6.88826
-0.23560000000000003;6.90245
-0.23539999999999994;6.88619
-0.23519999999999996;6.89482
-0.235;6.8908
-0.2348;6.88835
-0.23460000000000003;6.88457
-0.23439999999999994;6.89801
-0.23419999999999996;6.89614
-0.23399999999999999;6.90595
-0.2338;6.88565
-0.23360000000000003;6.90067
-0.23339999999999994;6.90131
-0.23319999999999996;6.90082
-0.23299999999999998;6.90705
-0.2328;6.90668
-0.23260000000000003;6.90649
-0.23239999999999994;6.90111
-0.23219999999999996;6.90677
-0.23199999999999998;6.91235
-0.2318;6.91002
-0.23160000000000003;6.9121
-0.23139999999999994;6.91041
-0.23119999999999996;6.89813
-0.23099999999999998;6.90083
-0.2308;6.89892
-0.23060000000000003;6.89924
-0.23039999999999994;6.89883
-0.23019999999999996;6.88949
-0.22999999999999998;6.89244
-0.2298;6.89548
-0.22960000000000003;6.89529
-0.22939999999999994;6.88946
-0.22919999999999996;6.91119
-0.22899999999999998;6.90408
-0.2288;6.91013
-0.22860000000000003;6.90889
-0.22839999999999994;6.91336
-0.22819999999999996;6.90667
-0.22799999999999998;6.90484
-0.2278;6.91327
-0.22760000000000002;6.913
-0.22739999999999994;6.91062
-0.22719999999999996;6.90973
-0.22699999999999998;6.89279
-0.2268;6.91004
-0.22660000000000002;6.91258
-0.22639999999999993;6.89987
-0.22619999999999996;6.89525
-0.22599999999999998;6.90872
-0.2258;6.90931
-0.22560000000000002;6.90094
-0.22539999999999993;6.90894
-0.22519999999999996;6.91019
-0.22499999999999998;6.91069
-0.2248;6.90523
-0.22460000000000002;6.91052
-0.22439999999999993;6.9049
-0.22419999999999995;6.89429
-0.22399999999999998;5.6856
-0.2238;6.88879
-0.22360000000000002;5.81495
-0.22340000000000004;6.89609
-0.22319999999999995;6.31857
-0.22299999999999998;6.91957
-0.2228;6.90472
-0.22260000000000002;6.9124
-0.22240000000000004;6.91786
-0.22219999999999995;6.37288
-0.22199999999999998;6.90034
-0.2218;6.88969
-0.22160000000000002;6.89998
-0.22140000000000004;6.8958
-0.22119999999999995;6.90615
-0.22099999999999997;6.89734
-0.2208;6.8979
-0.22060000000000002;6.90363
-0.22040000000000004;5.57456
-0.22019999999999995;5.54753
-0.21999999999999997;6.8834
-0.2198;6.89113
-0.21960000000000002;6.89223
-0.21940000000000004;6.90006
-0.21919999999999995;6.89444
-0.21899999999999997;6.90153
-0.2188;6.89962
-0.21860000000000002;6.89346
-0.21840000000000004;6.90768
-0.21819999999999995;6.90145
-0.21799999999999997;6.88795
-0.2178;6.91399
-0.21760000000000002;6.90403
-0.21740000000000004;6.90334
-0.21719999999999995;6.88821
-0.21699999999999997;6.89137
-0.2168;6.89853
-0.21660000000000001;6.90633
-0.21640000000000004;6.90326
-0.21619999999999995;6.90129
-0.21599999999999997;6.90337
-0.2158;6.89086
-0.2156;6.89182
-0.21540000000000004;6.88975
-0.21519999999999995;6.89312
-0.21499999999999997;6.8903
-0.2148;6.88422
-0.2146;6.8926
-0.21440000000000003;6.89835
-0.21419999999999995;6.89442
-0.21399999999999997;6.90035
-0.2138;6.89454
-0.2136;6.88918
-0.21340000000000003;6.91137
-0.21319999999999995;6.90033
-0.21299999999999997;6.90349
-0.2128;6.53737
-0.2126;6.50279
-0.21240000000000003;6.4888
-0.21219999999999994;6.50601
-0.21199999999999997;6.46323
-0.2118;6.45209
-0.2116;6.45429
-0.21140000000000003;6.34851
-0.21119999999999994;6.31242
-0.21099999999999997;6.35737
-0.2108;6.38626
-0.2106;6.3888
-0.21040000000000003;6.3798
-0.21019999999999994;6.39813
-0.20999999999999996;6.36688
-0.2098;6.37529
-0.2096;6.31934
-0.20940000000000003;6.35835
-0.20919999999999994;6.37236
-0.20899999999999996;6.34523
-0.20879999999999999;6.34783
-0.2086;6.40212
-0.20840000000000003;6.34413
-0.20819999999999994;6.34565
-0.20799999999999996;6.30785
-0.20779999999999998;6.30704
-0.2076;6.2904
-0.20740000000000003;6.33614
-0.20719999999999994;6.29103
-0.20699999999999996;6.19943
-0.20679999999999998;6.17901
-0.2066;6.26292
-0.20640000000000003;6.29119
-0.20619999999999994;6.38471
-0.20599999999999996;6.2514
-0.20579999999999998;6.25383
-0.2056;6.42481
-0.20540000000000003;6.55001
-0.20519999999999994;6.48816
-0.20499999999999996;6.49745
-0.20479999999999998;6.44452
-0.2046;6.48518
-0.20440000000000003;6.51297
-0.20419999999999994;6.5039
-0.20399999999999996;6.71995
-0.20379999999999998;6.90022
-0.2036;6.90991
-0.20340000000000003;6.80769
-0.20319999999999994;6.74192
-0.20299999999999996;6.60133
-0.20279999999999998;6.60986
-0.2026;6.63492
-0.20240000000000002;6.81338
-0.20219999999999994;6.64133
-0.20199999999999996;6.52601
-0.20179999999999998;6.43045
-0.2016;6.89773
-0.20140000000000002;6.48882
-0.20119999999999993;6.40611
-0.20099999999999996;6.88414
-0.20079999999999998;5.54217
-0.2006;6.86697
-0.20040000000000002;6.89445
-0.20019999999999993;6.91924
-0.19999999999999996;6.90682
-0.19979999999999998;6.90266
-0.1996;6.72114
-0.19940000000000002;6.77946
-0.19919999999999993;6.6582
-0.19899999999999995;6.78893
-0.19879999999999998;6.67533
-0.1986;6.68455
-0.19840000000000002;6.4877
-0.19819999999999993;6.70463
-0.19799999999999995;6.69395
-0.19779999999999998;6.8739
-0.1976;6.85146
-0.19740000000000002;5.64929
-0.19719999999999993;6.69424
-0.19699999999999995;6.59255
-0.19679999999999997;5.5553
-0.1966;6.48544
-0.19640000000000002;6.52916
-0.19620000000000004;6.64911
-0.19599999999999995;6.49444
-0.19579999999999997;6.46779
-0.1956;6.36793
-0.19540000000000002;6.40059
-0.19520000000000004;6.36914
-0.19499999999999995;6.26498
-0.19479999999999997;6.27943
-0.1946;6.42242
-0.19440000000000002;6.53361
-0.19420000000000004;6.54055
-0.19399999999999995;6.58357
-0.19379999999999997;6.55338
-0.1936;6.58394
-0.19340000000000002;6.57231
-0.19320000000000004;6.7845
-0.19299999999999995;6.87915
-0.19279999999999997;6.8963
-0.1926;6.89703
-0.19240000000000002;6.90211
-0.19220000000000004;6.90179
-0.19199999999999995;6.89489
-0.19179999999999997;6.91085
-0.1916;6.91539
-0.19140000000000001;6.91223
-0.19120000000000004;6.90941
-0.19099999999999995;6.90767
-0.19079999999999997;6.90331
-0.1906;6.90177
-0.1904;6.91542
-0.19020000000000004;6.91422
-0.18999999999999995;6.91054
-0.18979999999999997;6.91325
-0.1896;6.90337
-0.1894;6.84133
-0.18920000000000003;6.74217
-0.18899999999999995;6.51861
-0.18879999999999997;6.46027
-0.1886;6.44114
-0.1884;6.90152
-0.18820000000000003;6.35211
-0.18799999999999994;6.30755
-0.18779999999999997;6.31144
-0.1876;6.28717
-0.1874;6.26034
-0.18720000000000003;6.27363
-0.18699999999999994;6.31187
-0.18679999999999997;6.88604
-0.1866;6.89619
-0.1864;6.90982
-0.18620000000000003;6.89753
-0.18599999999999994;6.89484
-0.18579999999999997;6.89826
-0.1856;6.89918
-0.1854;6.87749
-0.18520000000000003;6.89693
-0.18499999999999994;6.90532
-0.18479999999999996;6.89704
-0.1846;6.91488
-0.1844;6.90813
-0.18420000000000003;6.91289
-0.18399999999999994;6.89674
-0.18379999999999996;6.8906
-0.18359999999999999;6.89082
-0.1834;6.89865
-0.18320000000000003;6.89153
-0.18299999999999994;6.89105
-0.18279999999999996;6.87927
-0.18259999999999998;6.8887
-0.1824;6.89365
-0.18220000000000003;6.89854
-0.18199999999999994;6.8112
-0.18179999999999996;6.90438
-0.18159999999999998;6.85007
-0.1814;6.90875
-0.18120000000000003;6.24676
-0.18099999999999994;6.25898
-0.18079999999999996;6.89617
-0.18059999999999998;6.89135
-0.1804;6.91335
-0.18020000000000003;6.91301
-0.17999999999999994;6.91169
-0.17979999999999996;6.90981
-0.17959999999999998;6.90229
-0.1794;6.90416
-0.17920000000000003;6.90289
-0.17899999999999994;6.90293
-0.17879999999999996;6.90082
-0.17859999999999998;6.27686
-0.1784;6.27354
-0.17820000000000003;6.28141
-0.17799999999999994;6.31428
-0.17779999999999996;6.29192
-0.17759999999999998;6.26007
-0.1774;6.26089
-0.17720000000000002;6.9048
-0.17699999999999994;6.23469
-0.17679999999999996;6.24165
-0.17659999999999998;6.22156
-0.1764;6.18097
-0.17620000000000002;6.09108
-0.17599999999999993;6.89837
-0.17579999999999996;6.90885
-0.17559999999999998;6.88716
-0.1754;6.89328
-0.17520000000000002;6.89415
-0.17499999999999993;6.89022
-0.17479999999999996;6.89182
-0.17459999999999998;6.90554
-0.1744;6.91491
-0.17420000000000002;6.89323
-0.17399999999999993;6.89423
-0.17379999999999995;6.90183
-0.17359999999999998;6.89984
-0.1734;6.90429
-0.17320000000000002;6.91131
-0.17299999999999993;6.89886
-0.17279999999999995;6.90609
-0.17259999999999998;6.90319
-0.1724;6.89883
-0.17220000000000002;6.89812
-0.17199999999999993;6.90028
-0.17179999999999995;6.89376
-0.17159999999999997;6.89998
-0.1714;6.89348
-0.17120000000000002;6.8858
-0.17099999999999993;6.90149
-0.17079999999999995;6.90516
-0.17059999999999997;6.90458
-0.1704;6.91083
-0.17020000000000002;6.90862
-0.17000000000000004;6.90235
-0.16979999999999995;6.90793
-0.16959999999999997;6.92093
-0.1694;6.91033
-0.16920000000000002;6.91104
-0.16900000000000004;6.91325
-0.16879999999999995;6.90556
-0.16859999999999997;6.9087
-0.1684;6.9072
-0.16820000000000002;6.90105
-0.16800000000000004;6.90461
-0.16779999999999995;6.90374
-0.16759999999999997;6.90842
-0.1674;6.8998
-0.16720000000000002;6.91241
-0.16700000000000004;6.90417
-0.16679999999999995;6.90882
-0.16659999999999997;6.90425
-0.1664;6.82315
-0.16620000000000001;6.82226
-0.16600000000000004;6.78259
-0.16579999999999995;6.72245
-0.16559999999999997;6.72772
-0.1654;6.65352
-0.1652;6.71389
-0.16500000000000004;6.74674
-0.16479999999999995;6.80851
-0.16459999999999997;6.78439
-0.1644;6.76238
-0.1642;6.70512
-0.16400000000000003;6.66604
-0.16379999999999995;6.64123
-0.16359999999999997;6.63197
-0.1634;6.67318
-0.1632;6.7455
-0.16300000000000003;6.7036
-0.16279999999999994;6.67463
-0.16259999999999997;6.68381
-0.1624;6.61717
-0.1622;6.60532
-0.16200000000000003;6.63399
-0.16179999999999994;6.62649
-0.16159999999999997;6.63101
-0.1614;6.59607
-0.1612;6.62928
-0.16100000000000003;6.65977
-0.16079999999999994;6.66113
-0.16059999999999997;6.66582
-0.1604;6.63176
-0.1602;6.66785
-0.16000000000000003;6.69089
-0.15979999999999994;6.66795
-0.15959999999999996;6.68521
-0.1594;6.6347
-0.1592;6.63692
-0.15900000000000003;6.59603
-0.15879999999999994;6.63842
-0.15859999999999996;6.60263
-0.15839999999999999;6.60325
-0.1582;6.60016
-0.15800000000000003;6.63578
-0.15779999999999994;6.60825
-0.15759999999999996;6.66593
-0.15739999999999998;6.63643
-0.1572;6.63734
-0.15700000000000003;6.60348
-0.15679999999999994;6.60787
-0.15659999999999996;6.58741
-0.15639999999999998;6.58564
-0.1562;6.59993
-0.15600000000000003;6.53983
-0.15579999999999994;6.5878
-0.15559999999999996;6.58696
-0.15539999999999998;6.59973
-0.1552;6.66796
-0.15500000000000003;6.62536
-0.15479999999999994;6.59609
-0.15459999999999996;6.66779
-0.15439999999999998;6.63032
-0.1542;6.63185
-0.15400000000000003;6.63645
-0.15379999999999994;6.64117
-0.15359999999999996;6.63712
-0.15339999999999998;6.62587
-0.1532;6.59995
-0.15300000000000002;6.62694
-0.15279999999999994;6.60119
-0.15259999999999996;6.59289
-0.15239999999999998;6.59481
-0.1522;6.63338
-0.15200000000000002;6.67263
-0.15179999999999993;6.62491
-0.15159999999999996;6.59881
-0.15139999999999998;6.54995
-0.1512;6.56661
-0.15100000000000002;6.56894
-0.15079999999999993;6.58209
-0.15059999999999996;6.57217
-0.15039999999999998;6.60173
-0.1502;6.58353
-0.15000000000000002;6.58628
-0.14979999999999993;6.57963
-0.14959999999999996;6.58232
-0.14939999999999998;6.51978
-0.1492;6.53948
-0.14900000000000002;6.54015
-0.14879999999999993;6.50563
-0.14859999999999995;6.52113
-0.14839999999999998;6.52429
-0.1482;6.49875
-0.14800000000000002;6.51244
-0.14779999999999993;6.48334
-0.14759999999999995;6.50765
-0.14739999999999998;6.47757
-0.1472;6.47502
-0.14700000000000002;6.89515
-0.14679999999999993;6.89746
-0.14659999999999995;6.89253
-0.14639999999999997;6.90469
-0.1462;6.90335
-0.14600000000000002;6.88791
-0.14579999999999993;6.37276
-0.14559999999999995;6.90389
-0.14539999999999997;6.88666
-0.1452;6.89391
-0.14500000000000002;6.90139
-0.14479999999999993;6.90197
-0.14459999999999995;6.89663
-0.14439999999999997;6.89985
-0.1442;6.90133
-0.14400000000000002;6.90691
-0.14380000000000004;6.90316
-0.14359999999999995;6.91104
-0.14339999999999997;6.90347
-0.1432;6.90457
-0.14300000000000002;6.89729
-0.14280000000000004;6.90343
-0.14259999999999995;6.89741
-0.14239999999999997;6.7292
-0.1422;6.6803
-0.14200000000000002;6.6033
-0.14180000000000004;6.54078
-0.14159999999999995;6.51666
-0.14139999999999997;6.43604
-0.1412;6.42374
-0.14100000000000001;6.36811
-0.14080000000000004;6.43144
-0.14059999999999995;6.4205
-0.14039999999999997;6.3471
-0.1402;6.36519
-0.14;6.22812
-0.13980000000000004;6.21021
-0.13959999999999995;5.96782
-0.13939999999999997;6.22029
-0.1392;6.27613
-0.139;6.31623
-0.13880000000000003;6.25193
-0.13859999999999995;6.4174
-0.13839999999999997;6.48688
-0.1382;6.53163
-0.138;6.53553
-0.13780000000000003;6.49796
-0.13759999999999994;6.46844
-0.13739999999999997;6.46508
-0.1372;6.54588
-0.137;6.49523
-0.13680000000000003;6.47894
-0.13659999999999994;6.43714
-0.13639999999999997;6.45107
-0.1362;6.44579
-0.136;6.50836
-0.13580000000000003;6.46462
-0.13559999999999994;6.41204
-0.13539999999999996;6.39052
-0.1352;6.39304
-0.135;6.39833
-0.13480000000000003;6.41573
-0.13459999999999994;6.38395
-0.13439999999999996;6.4194
-0.13419999999999999;6.40207
-0.134;6.31301
-0.13380000000000003;6.28153
-0.13359999999999994;6.30039
-0.13339999999999996;6.35755
-0.13319999999999999;6.45628
-0.133;6.33751
-0.13280000000000003;6.50025
-0.13259999999999994;6.32796
-0.13239999999999996;6.36478
-0.13219999999999998;6.45245
-0.132;6.56145
-0.13180000000000003;6.50101
-0.13159999999999994;6.42853
-0.13139999999999996;6.43636
-0.13119999999999998;6.43403
-0.131;6.89763
-0.13080000000000003;6.90105
-0.13059999999999994;6.90443
-0.13039999999999996;6.89006
-0.13019999999999998;6.90268
-0.13;6.90183
-0.12980000000000003;6.90376
-0.12959999999999994;6.90757
-0.12939999999999996;6.90329
-0.12919999999999998;6.90559
-0.129;6.90186
-0.12880000000000003;6.90418
-0.12859999999999994;6.90604
-0.12839999999999996;6.90122
-0.12819999999999998;6.90601
-0.128;6.89721
-0.12780000000000002;6.90566
-0.12759999999999994;6.89701
-0.12739999999999996;6.90254
-0.12719999999999998;6.90959
-0.127;6.90234
-0.12680000000000002;6.90785
-0.12659999999999993;6.90681
-0.12639999999999996;6.89679
-0.12619999999999998;6.90662
-0.126;6.89701
-0.12580000000000002;6.89928
-0.12559999999999993;6.89513
-0.12539999999999996;6.89841
-0.12519999999999998;6.89275
-0.125;6.89773
-0.12480000000000002;6.89623
-0.12459999999999993;6.90245
-0.12439999999999996;6.89813
-0.12419999999999998;6.89263
-0.124;6.90392
-0.12380000000000002;6.90177
-0.12359999999999993;6.91096
-0.12339999999999995;6.9007
-0.12319999999999998;6.89775
-0.123;6.90462
-0.12280000000000002;6.89302
-0.12259999999999993;6.90052
-0.12239999999999995;6.90589
-0.12219999999999998;6.90773
-0.122;6.89849
-0.12180000000000002;6.90051
-0.12159999999999993;6.90233
-0.12139999999999995;6.90332
-0.12119999999999997;6.89919
-0.121;6.89581
-0.12080000000000002;6.89469
-0.12059999999999993;6.89232
-0.12039999999999995;6.89707
-0.12019999999999997;6.89823
-0.12;6.9082
-0.11980000000000002;6.91037
-0.11959999999999993;6.90712
-0.11939999999999995;6.90015
-0.11919999999999997;6.9023
-0.119;6.90751
-0.11880000000000002;6.90047
-0.11859999999999993;6.89851
-0.11839999999999995;6.90677
-0.11819999999999997;6.90115
-0.118;6.89573
-0.11780000000000002;6.90408
-0.11760000000000004;6.90417
-0.11739999999999995;6.89876
-0.11719999999999997;6.90058
-0.11699999999999999;6.89592
-0.11680000000000001;6.89992
-0.11660000000000004;6.88741
-0.11639999999999995;6.8979
-0.11619999999999997;6.9045
-0.11599999999999999;6.89558
-0.11580000000000001;6.90002
-0.11560000000000004;6.8978
-0.11539999999999995;6.89044
-0.11519999999999997;6.88693
-0.11499999999999999;6.90039
-0.11480000000000001;6.90341
-0.11460000000000004;6.90199
-0.11439999999999995;6.90883
-0.11419999999999997;6.90394
-0.11399999999999999;6.90426
-0.11380000000000001;6.90293
-0.11360000000000003;6.90772
-0.11339999999999995;6.90513
-0.11319999999999997;6.91175
-0.11299999999999999;6.91111
-0.11280000000000001;6.91155
-0.11260000000000003;6.90468
-0.11239999999999994;6.90459
-0.11219999999999997;6.90884
-0.11199999999999999;6.90722
-0.11180000000000001;6.89691
-0.11160000000000003;6.90719
-0.11139999999999994;6.89802
-0.11119999999999997;6.90621
-0.11099999999999999;6.90485
-0.11080000000000001;6.91154
-0.11060000000000003;6.90552
-0.11039999999999994;6.91114
-0.11019999999999996;6.47436
-0.10999999999999999;6.46625
-0.10980000000000001;6.4212
-0.10960000000000003;6.43039
-0.10939999999999994;6.39954
-0.10919999999999996;6.41914
-0.10899999999999999;6.39235
-0.10880000000000001;6.36279
-0.10860000000000003;6.37347
-0.10839999999999994;6.49453
-0.10819999999999996;6.39938
-0.10799999999999998;6.40255
-0.1078;6.4316
-0.10760000000000003;6.39576
-0.10739999999999994;6.36156
-0.10719999999999996;6.39444
-0.10699999999999998;6.34297
-0.1068;6.36721
-0.10660000000000003;6.34553
-0.10639999999999994;6.31606
-0.10619999999999996;6.22515
-0.10599999999999998;6.25603
-0.1058;6.28621
-0.10560000000000003;6.28286
-0.10539999999999994;6.2381
-0.10519999999999996;6.37104
-0.10499999999999998;6.40663
-0.1048;6.45221
-0.10460000000000003;6.42237
-0.10439999999999994;6.40165
-0.10419999999999996;6.40142
-0.10399999999999998;6.35473
-0.1038;6.34165
-0.10360000000000003;6.34773
-0.10339999999999994;6.31098
-0.10319999999999996;6.29931
-0.10299999999999998;6.23036
-0.1028;6.217
-0.10260000000000002;6.34054
-0.10239999999999994;6.33035
-0.10219999999999996;6.35803
-0.10199999999999998;6.33366
-0.1018;6.41892
-0.10160000000000002;6.42942
-0.10139999999999993;6.48663
-0.10119999999999996;6.3539
-0.10099999999999998;6.35772
-0.1008;6.33518
-0.10060000000000002;6.33513
-0.10039999999999993;6.30034
-0.10019999999999996;6.29249
-0.09999999999999998;6.30538
-0.0998;6.33706
-0.09960000000000002;6.36636
-0.09939999999999993;6.40601
-0.09919999999999995;6.38893
-0.09899999999999998;6.35212
-0.0988;6.39006
-0.09860000000000002;6.44953
-0.09839999999999993;6.41739
-0.09819999999999995;6.43835
-0.09799999999999998;6.41401
-0.0978;6.38782
-0.09760000000000002;6.35426
-0.09739999999999993;6.36112
-0.09719999999999995;6.43012
-0.09699999999999998;6.38403
-0.0968;6.40838
-0.09660000000000002;6.4547
-0.09639999999999993;6.58186
-0.09619999999999995;6.59759
-0.09599999999999997;6.57485
-0.0958;6.46498
-0.09560000000000002;6.45121
-0.09539999999999993;6.39987
-0.09519999999999995;6.38722
-0.09499999999999997;6.35842
-0.0948;6.3061
-0.09460000000000002;6.19596
-0.09439999999999993;6.23443
-0.09419999999999995;6.27156
-0.09399999999999997;6.28581
-0.0938;6.36724
-0.09360000000000002;6.35679
-0.09339999999999993;6.40128
-0.09319999999999995;6.39888
-0.09299999999999997;6.40569
-0.0928;6.35722
-0.09260000000000002;6.32626
-0.09239999999999993;6.30511
-0.09219999999999995;6.36886
-0.09199999999999997;6.32759
-0.09179999999999999;6.30623
-0.09160000000000001;6.32933
-0.09140000000000004;6.26611
-0.09119999999999995;6.17077
-0.09099999999999997;6.19357
-0.09079999999999999;6.24373
-0.09060000000000001;6.25915
-0.09040000000000004;6.26853
-0.09019999999999995;6.21427
-0.08999999999999997;6.28062
-0.08979999999999999;6.29125
-0.08960000000000001;6.27575
-0.08940000000000003;6.22891
-0.08919999999999995;6.22029
-0.08899999999999997;6.29699
-0.08879999999999999;6.25588
-0.08860000000000001;6.3837
-0.08840000000000003;6.45165
-0.08819999999999995;6.53047
-0.08799999999999997;6.73001
-0.08779999999999999;6.87706
-0.08760000000000001;6.89923
-0.08740000000000003;6.90222
-0.08719999999999994;6.90803
-0.08699999999999997;6.9022
-0.08679999999999999;6.89867
-0.08660000000000001;6.83427
-0.08640000000000003;6.76123
-0.08619999999999994;6.68867
-0.08599999999999997;6.62956
-0.08579999999999999;6.89126
-0.08560000000000001;6.90269
-0.08540000000000003;6.88922
-0.08519999999999994;6.88588
-0.08499999999999996;6.87625
-0.08479999999999999;6.88381
-0.08460000000000001;6.87239
-0.08440000000000003;6.87687
-0.08419999999999994;6.87598
-0.08399999999999996;6.88667
-0.08379999999999999;6.88608
-0.08360000000000001;6.87845
-0.08340000000000003;6.88523
-0.08319999999999994;6.87017
-0.08299999999999996;6.88343
-0.08279999999999998;6.87794
-0.0826;6.8741
-0.08240000000000003;6.88385
-0.08219999999999994;6.88482
-0.08199999999999996;6.88008
-0.08179999999999998;6.88384
-0.0816;6.88349
-0.08140000000000003;6.87716
-0.08119999999999994;6.88378
-0.08099999999999996;6.89565
-0.08079999999999998;6.88114
-0.0806;6.89199
-0.08040000000000003;6.87727
-0.08019999999999994;6.87747
-0.07999999999999996;6.89414
-0.07979999999999998;6.88959
-0.0796;6.90082
-0.07940000000000003;6.89876
-0.07919999999999994;6.89587
-0.07899999999999996;6.88047
-0.07879999999999998;6.90343
-0.0786;6.88718
-0.07840000000000003;6.86872
-0.07819999999999994;6.87553
-0.07799999999999996;6.88905
-0.07779999999999998;6.88798
-0.0776;6.87907
-0.07740000000000002;6.89234
-0.07719999999999994;6.89105
-0.07699999999999996;6.8921
-0.07679999999999998;6.88879
-0.0766;6.88857
-0.07640000000000002;6.88069
-0.07619999999999993;6.88663
-0.07599999999999996;6.89217
-0.07579999999999998;6.88911
-0.0756;6.89396
-0.07540000000000002;6.89156
-0.07519999999999993;6.90022
-0.07499999999999996;6.90082
-0.07479999999999998;6.89206
-0.0746;6.90429
-0.07440000000000002;6.89261
-0.07419999999999993;6.88566
-0.07399999999999995;6.8949
-0.07379999999999998;6.90073
-0.0736;6.90566
-0.07340000000000002;6.90306
-0.07319999999999993;6.896
-0.07299999999999995;6.90627
-0.07279999999999998;6.90375
-0.0726;6.88685
-0.07240000000000002;6.90363
-0.07219999999999993;6.8928
-0.07199999999999995;6.90358
-0.07179999999999997;6.88887
-0.0716;6.89656
-0.07140000000000002;6.88932
-0.07119999999999993;6.90036
-0.07099999999999995;6.89854
-0.07079999999999997;6.89838
-0.0706;6.89987
-0.07040000000000002;6.90917
-0.07019999999999993;6.90838
-0.06999999999999995;6.89729
-0.06979999999999997;6.90739
-0.0696;6.9058
-0.06940000000000002;6.89947
-0.06919999999999993;6.90667
-0.06899999999999995;6.9061
-0.06879999999999997;6.90611
-0.0686;6.90828
-0.06840000000000002;6.90721
-0.06819999999999993;6.90966
-0.06799999999999995;6.90352
-0.06779999999999997;6.90864
-0.0676;6.91126
-0.06740000000000002;6.90797
-0.06719999999999993;6.89754
-0.06699999999999995;6.8986
-0.06679999999999997;6.90127
-0.06659999999999999;6.90936
-0.06640000000000001;6.90351
-0.06619999999999993;6.90436
-0.06599999999999995;6.90925
-0.06579999999999997;6.90979
-0.06559999999999999;6.89184
-0.06540000000000001;6.88429
-0.06519999999999992;6.89293
-0.06499999999999995;6.90536
-0.06479999999999997;6.88827
-0.06459999999999999;6.90852
-0.06440000000000001;6.91357
-0.06420000000000003;6.89412
-0.06399999999999995;6.91025
-0.06379999999999997;6.91105
-0.06359999999999999;6.91571
-0.06340000000000001;6.90517
-0.06320000000000003;6.90781
-0.06299999999999994;6.91284
-0.06279999999999997;6.30837
-0.06259999999999999;6.49883
-0.06240000000000001;6.92321
-0.06220000000000003;6.91509
-0.061999999999999944;6.91406
-0.061799999999999966;6.91775
-0.06159999999999999;6.90096
-0.06140000000000001;6.89857
-0.06120000000000003;6.90428
-0.06099999999999994;6.90139
-0.060799999999999965;5.81423
-0.06059999999999999;6.91684
-0.06040000000000001;6.89287
-0.06020000000000003;6.20803
-0.05999999999999994;6.6103
-0.059799999999999964;6.75756
-0.059599999999999986;6.8967
-0.05940000000000001;6.17909
-0.05920000000000003;6.91144
-0.05899999999999994;6.90513
-0.05879999999999996;6.91164
-0.058599999999999985;6.74287
-0.05840000000000001;6.8873
-0.05820000000000003;6.91234
-0.05799999999999994;6.91279
-0.05779999999999996;6.91048
-0.057599999999999985;6.90579
-0.05740000000000001;6.90556
-0.05720000000000003;6.90217
-0.05699999999999994;6.89942
-0.05679999999999996;6.88328
-0.056599999999999984;6.91054
-0.056400000000000006;6.90107
-0.05620000000000003;6.90081
-0.05599999999999994;6.90184
-0.05579999999999996;6.90501
-0.05559999999999998;6.9125
-0.055400000000000005;6.89974
-0.05520000000000003;6.91097
-0.05499999999999994;6.89902
-0.05479999999999996;6.89736
-0.05459999999999998;6.90376
-0.054400000000000004;6.9
-0.054200000000000026;6.89586
-0.05399999999999994;6.88038
-0.05379999999999996;6.89021
-0.05359999999999998;6.88842
-0.0534;6.89753
-0.053200000000000025;6.89809
-0.052999999999999936;6.90562
-0.05279999999999996;6.90371
-0.05259999999999998;6.89142
-0.0524;6.89247
-0.052200000000000024;6.90649
-0.051999999999999935;6.90231
-0.05179999999999996;6.91104
-0.05159999999999998;6.90549
-0.0514;6.9121
-0.05120000000000002;6.8965
-0.050999999999999934;6.9002
-0.050799999999999956;6.90829
-0.05059999999999998;6.91246
-0.0504;6.89654
-0.05020000000000002;6.88896
-0.04999999999999993;6.8961
-0.049799999999999955;6.91261
-0.04959999999999998;6.89241
-0.0494;6.89774
-0.04920000000000002;6.91155
-0.04899999999999993;6.89768
-0.048799999999999955;6.90516
-0.04859999999999998;6.91004
-0.0484;6.90882
-0.04820000000000002;6.90549
-0.04799999999999993;6.90329
-0.047799999999999954;6.90551
-0.047599999999999976;6.90548
-0.0474;6.9061
-0.04720000000000002;6.90341
-0.04699999999999993;6.90237
-0.04679999999999995;6.90043
-0.046599999999999975;6.902
-0.0464;6.90087
-0.04620000000000002;6.90733
-0.04599999999999993;6.90822
-0.04579999999999995;6.90582
-0.045599999999999974;6.90331
-0.045399999999999996;6.90947
-0.04520000000000002;6.91063
-0.04499999999999993;6.90455
-0.04479999999999995;6.78899
-0.04459999999999997;6.89126
-0.044399999999999995;6.90432
-0.04420000000000002;6.89394
-0.04399999999999993;6.89065
-0.04379999999999995;6.90341
-0.04359999999999997;6.90538
-0.043399999999999994;6.89863
-0.043200000000000016;6.90395
-0.04299999999999993;6.87236
-0.04279999999999995;6.85233
-0.04259999999999997;6.88437
-0.04239999999999999;6.87124
-0.042200000000000015;6.86627
-0.041999999999999926;6.67697
-0.04179999999999995;6.58659
-0.04159999999999997;6.56933
-0.04139999999999999;6.55028
-0.041200000000000014;6.54044
-0.040999999999999925;6.60745
-0.04079999999999995;6.86112
-0.04059999999999997;6.90008
-0.04039999999999999;6.89888
-0.040200000000000014;6.90193
-0.039999999999999925;6.89955
-0.03979999999999995;6.89979
-0.03959999999999997;6.89972
-0.03939999999999999;6.90763
-0.03920000000000001;6.90237
-0.038999999999999924;6.9051
-0.038799999999999946;6.68309
-0.03859999999999997;6.58594
-0.03839999999999999;6.60295
-0.03820000000000001;6.59969
-0.038000000000000034;6.65414
-0.037799999999999945;6.67547
-0.03759999999999997;6.74034
-0.03739999999999999;6.78906
-0.03720000000000001;6.66822
-0.03700000000000003;6.6807
-0.036799999999999944;6.6895
-0.036599999999999966;6.67768
-0.03639999999999999;6.7059
-0.03620000000000001;6.74403
-0.03600000000000003;6.83193
-0.03579999999999994;6.86381
-0.035599999999999965;6.83859
-0.03539999999999999;6.7979
-0.03520000000000001;6.70727
-0.03500000000000003;6.71339
-0.03479999999999994;6.78749
-0.034599999999999964;6.88839
-0.034399999999999986;6.89131
-0.03420000000000001;6.81946
-0.03400000000000003;6.81011
-0.03379999999999994;6.81367
-0.03359999999999996;6.84482
-0.033399999999999985;6.83817
-0.03320000000000001;6.83846
-0.03300000000000003;6.84048
-0.03279999999999994;6.83958
-0.03259999999999996;6.74645
-0.032399999999999984;6.74526
-0.032200000000000006;6.78541
-0.03200000000000003;6.59922
-0.03179999999999994;6.63125
-0.03159999999999996;6.72697
-0.031399999999999983;6.79006
-0.031200000000000006;6.84294
-0.031000000000000028;6.54741
-0.03079999999999994;6.63125
-0.03059999999999996;6.80181
-0.030399999999999983;6.90827
-0.030200000000000005;6.89781
-0.030000000000000027;6.897
-0.029799999999999938;6.89571
-0.02959999999999996;6.88723
-0.02939999999999998;6.89501
-0.029200000000000004;6.89681
-0.029000000000000026;6.9165
-0.028799999999999937;6.90582
-0.02859999999999996;6.90107
-0.02839999999999998;6.89456
-0.028200000000000003;6.89239
-0.028000000000000025;6.90566
-0.027799999999999936;6.90083
-0.027599999999999958;6.90103
-0.02739999999999998;6.90716
-0.027200000000000002;6.89235
-0.027000000000000024;6.90724
-0.026799999999999935;6.9057
-0.026599999999999957;6.90863
-0.02639999999999998;6.90398
-0.0262;6.90714
-0.026000000000000023;6.89186
-0.025799999999999934;6.90531
-0.025599999999999956;6.9044
-0.025399999999999978;6.91143
-0.0252;6.86105
-0.025000000000000022;6.76317
-0.024799999999999933;6.77949
-0.024599999999999955;6.71235
-0.024399999999999977;6.64581
-0.0242;6.64101
-0.02400000000000002;6.59285
-0.023799999999999932;6.70587
-0.023599999999999954;6.89701
-0.023399999999999976;6.89787
-0.0232;6.8958
-0.02300000000000002;6.90565
-0.02279999999999993;6.89672
-0.022599999999999953;6.90568
-0.022399999999999975;6.90219
-0.022199999999999998;6.89776
-0.02200000000000002;6.89845
-0.02179999999999993;6.90367
-0.021599999999999953;6.90092
-0.021399999999999975;6.91233
-0.021199999999999997;6.81707
-0.02100000000000002;6.80539
-0.02079999999999993;6.68013
-0.02059999999999995;6.80977
-0.020399999999999974;6.89277
-0.020199999999999996;6.89626
-0.020000000000000018;6.90076
-0.01979999999999993;6.88555
-0.01959999999999995;6.88513
-0.019399999999999973;6.90367
-0.019199999999999995;6.90482
-0.019000000000000017;6.10485
-0.018799999999999928;6.89889
-0.01859999999999995;6.89525
-0.018399999999999972;6.89734
-0.018199999999999994;6.87603
-0.018000000000000016;6.88905
-0.017799999999999927;6.88968
-0.01759999999999995;6.88702
-0.01739999999999997;6.8996
-0.017199999999999993;6.91321
-0.017000000000000015;6.89721
-0.016799999999999926;6.90171
-0.016599999999999948;6.89886
-0.01639999999999997;6.90436
-0.016199999999999992;6.89498
-0.016000000000000014;6.89272
-0.015799999999999925;6.89828
-0.015599999999999947;6.8999
-0.01539999999999997;6.90784
-0.015199999999999991;6.89869
-0.015000000000000013;6.89619
-0.014799999999999924;6.90018
-0.014599999999999946;6.90074
-0.014399999999999968;6.9035
-0.01419999999999999;6.88836
-0.014000000000000012;6.89918
-0.013799999999999923;6.90234
-0.013599999999999945;6.91159
-0.013399999999999967;6.90837
-0.01319999999999999;6.9025
-0.013000000000000012;6.89632
-0.012799999999999923;6.90777
-0.012599999999999945;6.90603
-0.012399999999999967;6.90662
-0.012199999999999989;6.90719
-0.01200000000000001;6.91081
-0.011800000000000033;6.90749
-0.011599999999999944;6.89113
-0.011399999999999966;6.90091
-0.011199999999999988;6.909
-0.01100000000000001;6.91397
-0.010800000000000032;6.89838
-0.010599999999999943;6.90035
-0.010399999999999965;6.89864
-0.010199999999999987;6.89169
-0.010000000000000009;6.88852
-0.009800000000000031;6.89567
-0.009599999999999942;6.89935
-0.009399999999999964;6.90235
-0.009199999999999986;6.90596
-0.009000000000000008;6.90514
-0.00880000000000003;6.89605
-0.008599999999999941;6.90744
-0.008399999999999963;6.90572
-0.008199999999999985;6.88076
-0.008000000000000007;6.90988
-0.007800000000000029;6.90491
-0.00759999999999994;6.87747
-0.007399999999999962;6.89385
-0.007199999999999984;6.90729
-0.007000000000000006;6.90055
-0.006800000000000028;6.90667
-0.006599999999999939;6.90303
-0.006399999999999961;6.78237
-0.006199999999999983;5.23196
-0.006000000000000005;6.91074
-0.005800000000000027;5.32733
-0.005599999999999938;6.92031
-0.00539999999999996;6.90153
-0.005199999999999982;6.91298
-0.0050000000000000044;6.91132
-0.0048000000000000265;6.90545
-0.0045999999999999375;6.91108
-0.0043999999999999595;6.90712
-0.0041999999999999815;6.89802
-0.0040000000000000036;6.90603
-0.0038000000000000256;6.87846
-0.0035999999999999366;6.80483
-0.0033999999999999586;6.8412
-0.0031999999999999806;6.87497
-0.0030000000000000027;6.8425
-0.0028000000000000247;6.88392
-0.0025999999999999357;6.87907
-0.0023999999999999577;6.91751
-0.0021999999999999797;6.90877
-0.0020000000000000018;6.90799
-0.0018000000000000238;6.90452
-0.0015999999999999348;6.90874
-0.0013999999999999568;6.89899
-0.0011999999999999789;6.90621
-0.0010000000000000009;6.90139
-0.0008000000000000229;6.90069
-0.0005999999999999339;6.89766
-0.00039999999999995595;6.7871
-0.00019999999999997797;6.7779
0.0;6.74841
0.00019999999999997797;6.71873
0.00040000000000006697;6.70084
0.0006000000000000449;6.70563
0.0008000000000000229;6.58071
0.0010000000000000009;6.64208
0.0011999999999999789;6.71678
0.0014000000000000679;6.61473
0.0016000000000000458;6.71686
0.0018000000000000238;6.65705
0.0020000000000000018;6.59101
0.0021999999999999797;6.59171
0.0024000000000000687;6.59044
0.0026000000000000467;6.44153
0.0028000000000000247;6.47736
0.0030000000000000027;6.50353
0.0031999999999999806;6.56537
0.0034000000000000696;6.60029
0.0036000000000000476;6.45486
0.0038000000000000256;6.35486
0.0040000000000000036;6.33716
0.0041999999999999815;6.35428
0.0044000000000000705;6.35528
0.0046000000000000485;6.49733
0.0048000000000000265;6.91396
0.0050000000000000044;6.85073
0.005199999999999982;6.52179
0.005400000000000071;6.43572
0.005600000000000049;6.42866
0.005800000000000027;6.4239
0.006000000000000005;6.34715
0.006199999999999983;6.23743
0.006400000000000072;6.21358
0.00660000000000005;6.21361
0.006800000000000028;6.25341
0.007000000000000006;6.22746
0.007199999999999984;6.16167
0.007400000000000073;6.45774
0.007600000000000051;6.8541
0.007800000000000029;6.91037
0.008000000000000007;6.9025
0.008199999999999985;6.8113
0.008400000000000074;6.45397
0.008600000000000052;6.49242
0.00880000000000003;6.77794
0.009000000000000008;6.59171
0.009199999999999986;6.70951
0.009400000000000075;6.89624
0.009600000000000053;6.90131
0.009800000000000031;6.8999
0.010000000000000009;6.90587
0.010199999999999987;6.89249
0.010400000000000076;6.90836
0.010600000000000054;6.90756
0.010800000000000032;6.90335
0.01100000000000001;6.90365
0.011199999999999988;6.89346
0.011400000000000077;6.90692
0.011600000000000055;6.89304
0.011800000000000033;6.90625
0.01200000000000001;6.88168
0.012199999999999989;6.89394
0.012400000000000078;6.88718
0.012600000000000056;6.9104
0.012800000000000034;6.90013
0.013000000000000012;6.89553
0.01319999999999999;6.90281
0.013400000000000079;6.89872
0.013600000000000056;6.90525
0.013800000000000034;6.90015
0.014000000000000012;6.89894
0.01419999999999999;6.8966
0.014399999999999968;6.88639
0.014600000000000057;6.90448
0.014800000000000035;6.90224
0.015000000000000013;6.90105
0.015199999999999991;6.90445
0.01539999999999997;6.90171
0.015600000000000058;6.9028
0.015800000000000036;6.90147
0.016000000000000014;6.90174
0.016199999999999992;6.90979
0.01639999999999997;6.90647
0.01660000000000006;6.91254
0.016800000000000037;6.89943
0.017000000000000015;6.88917
0.017199999999999993;6.90551
0.01739999999999997;6.88955
0.01760000000000006;6.89776
0.017800000000000038;6.90735
0.018000000000000016;6.90602
0.018199999999999994;6.89835
0.018399999999999972;6.90121
0.01860000000000006;6.90441
0.01880000000000004;6.90723
0.019000000000000017;6.90744
0.019199999999999995;6.89588
0.019399999999999973;6.89893
0.019600000000000062;6.89396
0.01980000000000004;6.89968
0.020000000000000018;6.90309
0.020199999999999996;6.90283
0.020399999999999974;6.90332
0.020600000000000063;6.90965
0.02080000000000004;6.89904
0.02100000000000002;6.89553
0.021199999999999997;6.89478
0.021399999999999975;6.89994
0.021600000000000064;6.89542
0.02180000000000004;6.90485
0.02200000000000002;6.89648
0.022199999999999998;6.8885
0.022399999999999975;6.89275
0.022600000000000064;6.902
0.022800000000000042;6.90409
0.02300000000000002;6.89153
0.0232;6.88369
0.023399999999999976;6.89545
0.023600000000000065;6.89587
0.023800000000000043;6.90242
0.02400000000000002;6.90152
0.0242;6.89001
0.024399999999999977;6.90122
0.024600000000000066;6.89569
0.024800000000000044;6.90238
0.025000000000000022;6.90759
0.0252;6.89424
0.025399999999999978;6.89257
0.025600000000000067;6.88997
0.025800000000000045;6.87898
0.026000000000000023;6.90101
0.0262;6.90431
0.02639999999999998;6.89363
0.026600000000000068;6.8874
0.026800000000000046;6.89677
0.027000000000000024;6.89032
0.027200000000000002;6.89948
